"station_ID","Date","TC","TdC","Hr","TmaxC","TminC","ddd","ffkmh","Gustkmh","P0hPa","PseahPa","PTnd","Precmm","Nt","Nh","HKm","Viskm","InsoD1","Snowcm","pr6","pr12","pr24"
6260,2021-12-31 23:00:00,11.5,10.1,"91",NA,NA,"SW",14.4,25.2,1021.5,1022,1.1,"0.0/1h",8,8,2.5,7,NA,NA,NA,NA,NA
6260,2021-12-31 22:00:00,12,10.6,"91",NA,NA,"SW",14.4,25.2,1021.3,1021.8,1.4,"0.0/1h",8,8,0.6,8,NA,NA,NA,NA,NA
6260,2021-12-31 21:00:00,12,10.7,"92",NA,NA,"SW",14.4,32.4,1020.9,1021.3,1.8,"0.0/1h",8,8,0.6,8,NA,NA,NA,NA,NA
6260,2021-12-31 20:00:00,12.1,10.7,"91",NA,NA,"WSW",21.6,32.4,1020.5,1020.9,2.3,"0.0/1h",8,8,0.3,10,NA,NA,NA,NA,NA
6260,2021-12-31 19:00:00,11.9,10.9,"94",NA,NA,"WSW",18,32.4,1019.8,1020.4,2.6,"0.0/1h",8,7,0.2,9,NA,NA,NA,NA,NA
6260,2021-12-31 18:00:00,11.7,10.5,"92","13.7",NA,"WSW",21.6,39.6,1019,1019.5,2.1,"0.0/12h",8,8,0.2,11,NA,NA,NA,0,NA
6260,2021-12-31 17:00:00,11.5,10.2,"92",NA,NA,"SW",14.4,25.2,1018.1,1018.6,1.7,"0.0/1h",2,1,0.2,13,NA,NA,NA,NA,NA
6260,2021-12-31 16:00:00,12.1,10.5,"90",NA,NA,"WSW",18,36,1017.3,1017.8,1.5,"0.0/1h",4,3,0.3,17,NA,NA,NA,NA,NA
6260,2021-12-31 15:00:00,12.8,10.7,"87",NA,NA,"SW",21.6,43.2,1016.8,1017.4,1.6,"0.0/1h",8,8,0.3,21,NA,NA,NA,NA,NA
6260,2021-12-31 14:00:00,13.1,10.3,"83",NA,NA,"WSW",18,36,1016.5,1016.9,1.9,"0.0/1h",8,8,0.3,30,NA,NA,NA,NA,NA
6260,2021-12-31 13:00:00,13.1,9.8,"80",NA,NA,"WSW",25.2,50.4,1015.8,1016.3,NA,"0.0/1h",8,8,2,30,NA,NA,NA,NA,NA
6260,2021-12-31 12:00:00,13.5,10,"79",NA,NA,"SW",25.2,46.8,1015.4,1015.8,NA,"0.0/6h",8,8,2,30,NA,NA,0,NA,NA
6260,2021-12-31 11:00:00,13,10,"82",NA,NA,"SSW",21.6,39.6,1015.3,1015,NA,"0.0/1h",8,8,2.5,40,NA,NA,NA,NA,NA
6260,2021-12-31 10:00:00,12.9,9.7,"81",NA,NA,"SW",18,36,1016,1016.3,0.9,"0.0/1h",8,8,1.5,45,NA,NA,NA,NA,NA
6260,2021-12-31 09:00:00,12.9,9.7,"81",NA,NA,"SSW",21.6,43.2,1015.4,1015.8,0.1,"0.0/1h",8,8,2.5,45,NA,NA,NA,NA,NA
6260,2021-12-31 08:00:00,12.9,9.6,"80",NA,NA,"SW",25.2,43.2,1015.4,1015.8,NA,"0.0/1h",8,8,2.5,45,NA,NA,NA,NA,NA
6260,2021-12-31 07:00:00,13.2,9.7,"79",NA,NA,"SW",21.6,43.2,1015,1015.4,NA,"0.0/1h",8,8,2.5,45,NA,NA,NA,NA,NA
6260,2021-12-31 06:00:00,13.6,10,"79",NA,"13.1","SW",25.2,46.8,1015.4,1015.7,NA,"0.0/24h0.0/12h",8,8,2.5,45,NA,NA,NA,0,0
6260,2021-12-31 05:00:00,13.9,10.6,"80",NA,NA,"SW",21.6,36,1015.7,1016,NA,"0.0/1h",8,8,0.6,45,NA,NA,NA,NA,NA
6260,2021-12-31 04:00:00,13.8,10.8,"82",NA,NA,"SW",18,32.4,1015.9,1016.3,NA,"0.0/1h",8,8,1,45,NA,NA,NA,NA,NA
6260,2021-12-31 03:00:00,14.1,11,"82",NA,NA,"SW",21.6,43.2,1016.2,1016.6,0.2,"0.0/1h",8,8,1,45,NA,NA,NA,NA,NA
6260,2021-12-31 02:00:00,14.1,11.3,"83",NA,NA,"SW",21.6,39.6,1016.3,1016.7,0.3,"0.0/1h",8,8,0.6,21,NA,NA,NA,NA,NA
6260,2021-12-31 01:00:00,14.1,11.1,"82",NA,NA,"SW",25.2,39.6,1016.1,1016.5,NA,"0.0/1h",8,8,1,40,NA,NA,NA,NA,NA
6260,2021-12-31,13.6,11.3,"86",NA,NA,"SW",21.6,46.8,1016,1016.4,NA,"0.0/6h",8,5,0.6,30,NA,NA,0,NA,NA
6260,2021-12-30 23:00:00,13.9,11.4,"85",NA,NA,"SW",25.2,46.8,1015.9,1016.4,0,"0.0/1h",8,7,0.6,30,NA,NA,NA,NA,NA
6260,2021-12-30 22:00:00,13.8,11.3,"85",NA,NA,"SW",25.2,43.2,1016.1,1016.6,0.8,"0.0/1h",8,8,0.6,30,NA,NA,NA,NA,NA
6260,2021-12-30 21:00:00,13.7,11.3,"85",NA,NA,"SW",25.2,54,1016.1,1016.5,1,"0.0/1h",7,7,1,28,NA,NA,NA,NA,NA
6260,2021-12-30 20:00:00,13.2,11.3,"88",NA,NA,"WSW",25.2,46.8,1016,1016.4,1,"0.0/1h",8,8,0.3,18,NA,NA,NA,NA,NA
6260,2021-12-30 19:00:00,13.4,11.6,"89",NA,NA,"WSW",25.2,46.8,1015.4,1015.8,0.7,"0.0/1h",8,8,0.3,22,NA,NA,NA,NA,NA
6260,2021-12-30 18:00:00,13.2,11.8,"91","13.5",NA,"SW",21.6,43.2,1015.1,1015.5,1,"0.0/12h",8,8,0.2,24,NA,NA,NA,0,NA
6260,2021-12-30 17:00:00,13,11.7,"92",NA,NA,"WSW",25.2,43.2,1015,1015.4,1.5,"0.0/1h",8,8,0.2,18,NA,NA,NA,NA,NA
6260,2021-12-30 16:00:00,13.2,12,"92",NA,NA,"WSW",18,36,1014.6,1015.1,1.6,"0.0/1h",8,8,0.2,26,NA,NA,NA,NA,NA
6260,2021-12-30 15:00:00,13.4,12,"91",NA,NA,"WSW",25.2,46.8,1014,1014.5,0.9,"0.0/1h",8,8,0.2,26,NA,NA,NA,NA,NA
6260,2021-12-30 14:00:00,13.4,11.7,"89",NA,NA,"WSW",21.6,46.8,1013.4,1013.9,0.4,"0.0/1h",8,8,0.3,20,NA,NA,NA,NA,NA
6260,2021-12-30 13:00:00,13.2,11.8,"91",NA,NA,"SW",21.6,50.4,1013.1,1013.5,0.4,"0.0/1h",8,8,0.3,21,NA,NA,NA,NA,NA
6260,2021-12-30 12:00:00,12.9,11.4,"91",NA,NA,"WSW",25.2,54,1013.3,1013.6,1.3,"0.0/6h",8,8,0.2,18,NA,NA,0,NA,NA
6260,2021-12-30 11:00:00,13.1,11.6,"91",NA,NA,"WSW",25.2,43.2,1013.1,1013.5,1.4,"0.0/1h",8,8,0.3,17,NA,NA,NA,NA,NA
6260,2021-12-30 10:00:00,13.4,11.6,"89",NA,NA,"WSW",25.2,50.4,1012.5,1013.1,1.7,"0.0/1h",8,6,0.3,15,NA,NA,NA,NA,NA
6260,2021-12-30 09:00:00,12.8,11.6,"92",NA,NA,"SW",25.2,50.4,1011.9,1012.3,1.5,"0.0/1h",8,8,0.2,13,NA,NA,NA,NA,NA
6260,2021-12-30 08:00:00,12.6,11.7,"94",NA,NA,"WSW",28.8,43.2,1011.6,1012.1,1.3,"0.0/1h",8,8,0.2,15,NA,NA,NA,NA,NA
6260,2021-12-30 07:00:00,12.5,11.9,"96",NA,NA,"WSW",21.6,43.2,1011,1011.4,0.8,"0.0/1h",8,8,0.1,12,NA,NA,NA,NA,NA
6260,2021-12-30 06:00:00,12.2,11.9,"98",NA,"9.6","SW",18,39.6,1010.5,1010.8,0.3,"5.4/24h2.0/12h",8,8,0.1,7,NA,NA,NA,2,5.4
6260,2021-12-30 05:00:00,12.1,11.8,"98",NA,NA,"WSW",18,32.4,1010.4,1010.8,0.3,"0.9/1h",8,8,0.1,3.9,NA,NA,NA,NA,NA
6260,2021-12-30 04:00:00,12.2,11.8,"97",NA,NA,"WSW",18,32.4,1010.2,1010.6,0.7,"0.1/1h",8,8,0.1,8,NA,NA,NA,NA,NA
6260,2021-12-30 03:00:00,12,11.6,"97",NA,NA,"SW",18,36,1010.1,1010.5,0.8,"0.1/1h",8,8,0.1,5,NA,NA,NA,NA,NA
6260,2021-12-30 02:00:00,11.5,11,"97",NA,NA,"SW",18,32.4,1010,1010.5,1.1,"0.0/1h",8,8,0.1,7,NA,NA,NA,NA,NA
6260,2021-12-30 01:00:00,10.7,10,"95",NA,NA,"SW",21.6,39.6,1009.4,1009.9,1.3,"0.0/1h",8,8,0.2,8,NA,NA,NA,NA,NA
6260,2021-12-30,10,9.2,"95",NA,NA,"SW",18,36,1009.3,1009.7,2.6,"0.0/6h",8,8,2.5,9,NA,NA,0,NA,NA
6260,2021-12-29 23:00:00,9.8,9,"95",NA,NA,"WSW",14.4,28.8,1008.8,1009.4,3.4,"0.0/1h",8,8,2.5,8,NA,NA,NA,NA,NA
6260,2021-12-29 22:00:00,10.1,9.2,"94",NA,NA,"WSW",14.4,32.4,1008,1008.6,3.9,"0.0/1h",8,8,2.5,8,NA,NA,NA,NA,NA
6260,2021-12-29 21:00:00,11.5,9.4,"87",NA,NA,"WSW",18,36,1006.6,1007.1,3.4,"0.0/1h",8,8,2.5,11,NA,NA,NA,NA,NA
6260,2021-12-29 20:00:00,11.9,10.6,"92",NA,NA,"WSW",18,36,1005.5,1006,2.9,"0.0/1h",8,8,2.5,13,NA,NA,NA,NA,NA
6260,2021-12-29 19:00:00,12,11.3,"95",NA,NA,"WSW",14.4,36,1004.2,1004.7,1.7,"0.0/1h",8,6,0.2,14,NA,NA,NA,NA,NA
6260,2021-12-29 18:00:00,11.5,11.2,"98","11.5",NA,"WSW",18,32.4,1003.2,1003.7,0.3,"4.0/12h",8,8,0.2,6,NA,NA,NA,4,NA
6260,2021-12-29 17:00:00,10.1,10,"99",NA,NA,"SSW",14.4,25.2,1002.7,1003.1,NA,"0.9/1h",8,8,0.1,2.7,NA,NA,NA,NA,NA
6260,2021-12-29 16:00:00,9.2,9,"99",NA,NA,"S",18,32.4,1002.7,1003,NA,"0.6/1h",8,8,0.1,3.6,NA,NA,NA,NA,NA
6260,2021-12-29 15:00:00,8.8,8.6,"99",NA,NA,"SSE",14.4,25.2,1002.9,1003.4,NA,"2.0/1h",8,8,0.1,6,NA,NA,NA,NA,NA
6260,2021-12-29 14:00:00,8.6,8.2,"97",NA,NA,"SSE",10.8,21.6,1003.5,1003.9,NA,"0.6/1h",8,8,0.2,4.7,NA,NA,NA,NA,NA
6260,2021-12-29 13:00:00,8.8,7.6,"92",NA,NA,"SSE",10.8,21.6,1004.2,1004.6,NA,"0.0/1h",8,8,1.5,14,NA,NA,NA,NA,NA
6260,2021-12-29 12:00:00,8.8,7.5,"92",NA,NA,"S",10.8,21.6,1005,1005.3,NA,"0.0/6h",8,8,2.5,15,NA,NA,0,NA,NA
6260,2021-12-29 11:00:00,8.7,7.5,"92",NA,NA,"S",10.8,14.4,1005.2,1005.6,NA,"0.0/1h",8,8,2.5,19,NA,NA,NA,NA,NA
6260,2021-12-29 10:00:00,8.6,7.7,"94",NA,NA,"SSW",10.8,18,1005.8,1006.1,0.5,"0.0/1h",8,8,0.6,14,NA,NA,NA,NA,NA
6260,2021-12-29 09:00:00,8.4,7.7,"95",NA,NA,"SSW",7.2,14.4,1005.9,1006.3,1.5,"0.0/1h",8,8,0.6,14,NA,NA,NA,NA,NA
6260,2021-12-29 08:00:00,8.5,8,"97",NA,NA,"SW",7.2,14.4,1005.7,1006.1,1.6,"0.0/1h",8,8,0.6,11,NA,NA,NA,NA,NA
6260,2021-12-29 07:00:00,8.8,8.1,"95",NA,NA,"W",10.8,21.6,1005.1,1005.6,1.8,"0.0/1h",8,7,0.3,12,NA,NA,NA,NA,NA
6260,2021-12-29 06:00:00,8.8,8.3,"97",NA,"8.5","W",10.8,28.8,1004.4,1004.8,1.9,"6.8/24h2.0/12h",8,7,0.2,10,NA,NA,NA,2,6.8
6260,2021-12-29 05:00:00,8.9,8.6,"98",NA,NA,"W",10.8,28.8,1004,1004.5,2.3,"0.2/1h",8,7,0.1,4.1,NA,NA,NA,NA,NA
6260,2021-12-29 04:00:00,9,8.4,"96",NA,NA,"W",10.8,21.6,1003.4,1003.8,2.8,"0.0/1h",8,8,0.2,15,NA,NA,NA,NA,NA
6260,2021-12-29 03:00:00,9,8.4,"96",NA,NA,"W",10.8,25.2,1002.3,1002.9,3.3,"0.0/1h",8,8,0.2,13,NA,NA,NA,NA,NA
6260,2021-12-29 02:00:00,9,8.6,"97",NA,NA,"W",14.4,25.2,1001.8,1002.2,3.6,"0.3/1h",8,7,0.2,4.5,NA,NA,NA,NA,NA
6260,2021-12-29 01:00:00,9,8.7,"98",NA,NA,"W",14.4,28.8,1000.5,1001,3.7,"0.3/1h",8,8,0.1,4.5,NA,NA,NA,NA,NA
6260,2021-12-29,9,8.7,"98",NA,NA,"W",14.4,36,999,999.6,3.8,"1.0/6h",8,8,0.1,6,NA,NA,1,NA,NA
6260,2021-12-28 23:00:00,8.9,8.6,"98",NA,NA,"W",14.4,32.4,998.2,998.6,4.2,"0.1/1h",8,8,0.1,3.8,NA,NA,NA,NA,NA
6260,2021-12-28 22:00:00,9,8.6,"97",NA,NA,"W",18,36,996.8,997.3,4.9,"0.0/1h",8,8,0.1,3.2,NA,NA,NA,NA,NA
6260,2021-12-28 21:00:00,9,8.6,"97",NA,NA,"W",18,43.2,995.3,995.8,4.6,"0.0/1h",8,8,0.1,5,NA,NA,NA,NA,NA
6260,2021-12-28 20:00:00,9,8.7,"98",NA,NA,"W",18,43.2,993.9,994.4,4.2,"0.6/1h",8,8,0.1,2.7,NA,NA,NA,NA,NA
6260,2021-12-28 19:00:00,9,8.7,"98",NA,NA,"W",14.4,25.2,991.9,992.4,2.9,"0.1/1h",8,8,0.1,4.5,NA,NA,NA,NA,NA
6260,2021-12-28 18:00:00,8.6,8.1,"97","10.7",NA,"WSW",10.8,32.4,990.7,991.2,2.4,"5.0/12h",8,8,0.1,6,NA,NA,NA,5,NA
6260,2021-12-28 17:00:00,8,7.6,"97",NA,NA,"SW",14.4,25.2,989.8,990.2,1.9,"0.1/1h",8,6,0.2,3.1,NA,NA,NA,NA,NA
6260,2021-12-28 16:00:00,8.3,6.8,"90",NA,NA,"SW",14.4,28.8,989,989.5,1.3,"0.0/1h",8,5,0.3,12,NA,NA,NA,NA,NA
6260,2021-12-28 15:00:00,9.3,6.2,"81",NA,NA,"WSW",18,46.8,988.4,988.8,1,"0.0/1h",8,8,0.6,14,NA,NA,NA,NA,NA
6260,2021-12-28 14:00:00,10.1,6.6,"79",NA,NA,"SW",21.6,46.8,987.9,988.3,NA,"0.0/1h",8,6,0.6,11,NA,NA,NA,NA,NA
6260,2021-12-28 13:00:00,9.6,8,"90",NA,NA,"SW",25.2,50.4,987.8,988.2,NA,"2.0/1h",8,6,1,15,NA,NA,NA,NA,NA
6260,2021-12-28 12:00:00,9.8,9.5,"98",NA,NA,"SSW",10.8,36,987.5,987.8,NA,"2.0/6h",8,5,0.2,5,NA,NA,2,NA,NA
6260,2021-12-28 11:00:00,10.1,9.4,"95",NA,NA,"S",18,36,988.3,988.7,NA,"0.1/1h",8,8,0.3,10,NA,NA,NA,NA,NA
6260,2021-12-28 10:00:00,9.8,9.4,"97",NA,NA,"S",18,28.8,989.2,989.6,NA,"0.3/1h",8,8,0.2,16,NA,NA,NA,NA,NA
6260,2021-12-28 09:00:00,9.3,9,"98",NA,NA,"S",18,25.2,989.8,990.2,NA,"0.2/1h",8,8,0.1,7,NA,NA,NA,NA,NA
6260,2021-12-28 08:00:00,8.9,8.5,"97",NA,NA,"SSE",14.4,25.2,990.2,990.6,NA,"0.1/1h",8,8,0.2,4.2,NA,NA,NA,NA,NA
6260,2021-12-28 07:00:00,8.6,8.2,"97",NA,NA,"SSE",14.4,25.2,990.5,990.8,NA,"0.0/1h",8,6,0.2,6,NA,NA,NA,NA,NA
6260,2021-12-28 06:00:00,8.2,7.8,"97",NA,"7.1","SSE",14.4,25.2,991,991.3,NA,"1.4/24h1.0/12h",8,7,0.3,10,NA,NA,NA,1,1.4
6260,2021-12-28 05:00:00,8.2,7.6,"96",NA,NA,"SSE",14.4,25.2,991.6,992,NA,"0.3/1h",8,8,0.6,10,NA,NA,NA,NA,NA
6260,2021-12-28 04:00:00,8.1,7.4,"95",NA,NA,"SSE",14.4,25.2,992,992.3,NA,"0.0/1h",8,7,0.6,9,NA,NA,NA,NA,NA
6260,2021-12-28 03:00:00,7.9,7.5,"97",NA,NA,"SE",10.8,21.6,992.6,993,NA,"0.0/1h",8,8,0.6,9,NA,NA,NA,NA,NA
6260,2021-12-28 02:00:00,7.7,7.4,"98",NA,NA,"SE",10.8,21.6,993,993.4,NA,"0.0/1h",8,8,0.3,9,NA,NA,NA,NA,NA
6260,2021-12-28 01:00:00,7.4,7.3,"99",NA,NA,"SSE",14.4,18,993.3,993.7,NA,"0.0/1h",8,8,0.1,5,NA,NA,NA,NA,NA
6260,2021-12-28,8.2,8,"99",NA,NA,"SE",10.8,28.8,993.5,993.9,NA,"0.9/6h",8,7,0.2,5,NA,NA,0.9,NA,NA
6260,2021-12-27 23:00:00,8.9,8.6,"98",NA,NA,"S",10.8,21.6,994.3,994.5,NA,"0.0/1h",8,8,0.2,6,NA,NA,NA,NA,NA
6260,2021-12-27 22:00:00,8.2,8.1,"99",NA,NA,"SSE",10.8,21.6,994.5,994.9,NA,"0.0/1h",8,8,0.1,5,NA,NA,NA,NA,NA
6260,2021-12-27 21:00:00,7.9,7.7,"99",NA,NA,"SSE",14.4,25.2,994.7,995.1,NA,"0.3/1h",8,8,0.1,5,NA,NA,NA,NA,NA
6260,2021-12-27 20:00:00,7.8,7.3,"97",NA,NA,"SSE",14.4,25.2,995,995.4,NA,"0.1/1h",8,8,0.2,8,NA,NA,NA,NA,NA
6260,2021-12-27 19:00:00,7.3,6.8,"97",NA,NA,"SE",14.4,21.6,995.4,995.7,NA,"0.5/1h",8,8,0.3,10,NA,NA,NA,NA,NA
6260,2021-12-27 18:00:00,7.2,6.5,"95","7.3",NA,"SE",10.8,25.2,995.6,996,NA,"0.2/12h",8,8,1.5,13,NA,NA,NA,0.2,NA
6260,2021-12-27 17:00:00,7,6.5,"97",NA,NA,"SE",14.4,21.6,996,996.4,NA,"0.0/1h",8,8,1.5,13,NA,NA,NA,NA,NA
6260,2021-12-27 16:00:00,7,6.5,"97",NA,NA,"SE",10.8,18,996.3,996.6,NA,"0.1/1h",8,7,0.6,5,NA,NA,NA,NA,NA
6260,2021-12-27 15:00:00,6.9,6.3,"96",NA,NA,"SE",14.4,21.6,996.5,996.8,NA,"0.0/1h",8,6,0.6,8,NA,NA,NA,NA,NA
6260,2021-12-27 14:00:00,6.8,5.9,"94",NA,NA,"SE",14.4,21.6,996.7,997.1,NA,"0.0/1h",8,6,0.3,14,NA,NA,NA,NA,NA
6260,2021-12-27 13:00:00,6.5,5.8,"95",NA,NA,"SE",10.8,21.6,997.1,997.4,NA,"0.0/1h",8,5,0.3,13,NA,NA,NA,NA,NA
6260,2021-12-27 12:00:00,6,5.9,"99",NA,NA,"SE",10.8,21.6,997.6,997.9,NA,"0.0/6h",8,6,1,6,NA,NA,0,NA,NA
6260,2021-12-27 11:00:00,5.6,5.6,"100",NA,NA,"SE",10.8,18,998.1,998.5,NA,"0.0/1h",8,8,0.1,0.4,NA,NA,NA,NA,NA
6260,2021-12-27 10:00:00,5.2,5.2,"100",NA,NA,"SE",10.8,18,998.7,999.2,NA,"0.0/1h",9,9,0,0.3,NA,NA,NA,NA,NA
6260,2021-12-27 09:00:00,4.6,4.6,"100",NA,NA,"SE",7.2,18,998.9,999.3,NA,"0.0/1h",9,9,0,0.3,NA,NA,NA,NA,NA
6260,2021-12-27 08:00:00,4.2,4.2,"100",NA,NA,"SE",10.8,18,999.1,999.5,NA,"0.0/1h",9,9,0,0.2,NA,NA,NA,NA,NA
6260,2021-12-27 07:00:00,3.9,3.9,"100",NA,NA,"SE",10.8,18,999.2,999.6,NA,"0.0/1h",9,9,0,0.3,NA,NA,NA,NA,NA
6260,2021-12-27 06:00:00,3.4,3.4,"100",NA,"0.6","SSE",10.8,18,999.3,999.7,NA,"0.2/24h0.2/12h",9,9,0,0.5,NA,NA,NA,0.2,0.2
6260,2021-12-27 05:00:00,3,3,"100",NA,NA,"SE",10.8,18,999.7,1000.1,NA,"0.0/1h",8,8,0.1,1.7,NA,NA,NA,NA,NA
6260,2021-12-27 04:00:00,2.7,2.6,"99",NA,NA,"SE",10.8,18,1000.2,1000.6,NA,"0.0/1h",9,9,0,0.5,NA,NA,NA,NA,NA
6260,2021-12-27 03:00:00,2.5,2.4,"99",NA,NA,"SE",10.8,21.6,1000.5,1000.9,NA,"0.1/1h",8,8,0.1,0.8,NA,NA,NA,NA,NA
6260,2021-12-27 02:00:00,2.3,2.2,"99",NA,NA,"SE",14.4,21.6,1000.8,1001.1,NA,"0.0/1h",8,8,0.1,1.5,NA,NA,NA,NA,NA
6260,2021-12-27 01:00:00,2.3,2.1,"99",NA,NA,"SE",10.8,21.6,1001.1,1001.5,NA,"0.0/1h",8,8,0.1,1.6,NA,NA,NA,NA,NA
6260,2021-12-27,2.2,1.8,"97",NA,NA,"SE",10.8,21.6,1001.6,1002,NA,"0.0/6h",8,8,0.1,4.4,NA,NA,0,NA,NA
6260,2021-12-26 23:00:00,2,1.5,"96",NA,NA,"SE",10.8,18,1002.2,1002.5,NA,"0.0/1h",8,8,0.1,5,NA,NA,NA,NA,NA
6260,2021-12-26 22:00:00,2,1.2,"94",NA,NA,"ESE",10.8,21.6,1002.4,1002.8,NA,"0.0/1h",8,8,0.1,4.3,NA,NA,NA,NA,NA
6260,2021-12-26 21:00:00,2.2,0.5,"89",NA,NA,"ESE",14.4,21.6,1002.7,1003,NA,"0.0/1h",8,8,0.3,14,NA,NA,NA,NA,NA
6260,2021-12-26 20:00:00,1.9,-0.5,"84",NA,NA,"ESE",10.8,18,1003.2,1003.5,NA,"0.0/1h",8,8,0.3,23,NA,NA,NA,NA,NA
6260,2021-12-26 19:00:00,1.3,-1.4,"82",NA,NA,"ESE",10.8,18,1003.4,1003.7,NA,"0.0/1h",8,8,0.3,24,NA,NA,NA,NA,NA
6260,2021-12-26 18:00:00,0.8,-2.2,"80","1.3",NA,"ESE",14.4,21.6,1003.6,1003.9,NA,"0.0/12h",8,8,1.5,29,NA,NA,NA,0,NA
6260,2021-12-26 17:00:00,0.9,-2.3,"79",NA,NA,"E",10.8,18,1004,1004.4,NA,"0.0/1h",8,8,1.5,35,NA,NA,NA,NA,NA
6260,2021-12-26 16:00:00,1.1,-2.3,"78",NA,NA,"E",14.4,21.6,1004,1004.4,NA,"0.0/1h",8,8,1,40,NA,NA,NA,NA,NA
6260,2021-12-26 15:00:00,1.3,-2.4,"76",NA,NA,"E",14.4,21.6,1004.4,1004.8,NA,"0.0/1h",8,8,1,40,NA,NA,NA,NA,NA
6260,2021-12-26 14:00:00,1.2,-3,"74",NA,NA,"E",14.4,21.6,1004.8,1005.1,NA,"0.0/1h",8,8,1,45,NA,NA,NA,NA,NA
6260,2021-12-26 13:00:00,1.1,-3.6,"71",NA,NA,"E",10.8,21.6,1005.2,1005.6,NA,"0.0/1h",8,8,1,40,NA,NA,NA,NA,NA
6260,2021-12-26 12:00:00,0.3,-4.9,"68",NA,NA,"E",10.8,21.6,1005.5,1006,NA,"0.0/6h",8,8,1,40,NA,NA,0,NA,NA
6260,2021-12-26 11:00:00,-1,-6.2,"68",NA,NA,"E",14.4,21.6,1006,1006.4,NA,"0.0/1h",8,8,2.5,45,NA,NA,NA,NA,NA
6260,2021-12-26 10:00:00,-2,-7.7,"65",NA,NA,"E",14.4,21.6,1006.7,1007,NA,"0.0/1h",8,8,2.5,40,NA,NA,NA,NA,NA
6260,2021-12-26 09:00:00,-3.3,-9,"65",NA,NA,"E",14.4,21.6,1006.9,1007.3,NA,"0.0/1h",7,7,2.5,45,NA,NA,NA,NA,NA
6260,2021-12-26 08:00:00,-4.7,-9.8,"67",NA,NA,"E",10.8,18,1006.7,1007.1,NA,"0.0/1h",2,2,2.5,45,NA,NA,NA,NA,NA
6260,2021-12-26 07:00:00,-4.8,-10.4,"65",NA,NA,"ENE",14.4,18,1006.9,1007.3,NA,"0.0/1h",1,1,2.5,45,NA,NA,NA,NA,NA
6260,2021-12-26 06:00:00,-4.7,-10.3,"65",NA,"-4.9","E",14.4,21.6,1006.9,1007.3,NA,"0.0/24h0.0/12h",0,NA,NA,45,NA,NA,NA,0,0
6260,2021-12-26 05:00:00,-4.8,-10.2,"66",NA,NA,"E",10.8,21.6,1007.3,1007.7,NA,"0.0/1h",8,8,2.5,45,NA,NA,NA,NA,NA
6260,2021-12-26 04:00:00,-4.7,-10.6,"63",NA,NA,"E",14.4,21.6,1007.5,1007.9,NA,"0.0/1h",8,8,2.5,45,NA,NA,NA,NA,NA
6260,2021-12-26 03:00:00,-4.5,-10.4,"63",NA,NA,"E",10.8,21.6,1008,1008.4,NA,"0.0/1h",7,7,1,45,NA,NA,NA,NA,NA
6260,2021-12-26 02:00:00,-4.5,-10.2,"64",NA,NA,"E",14.4,21.6,1008.3,1008.7,NA,"0.0/1h",6,6,1,45,NA,NA,NA,NA,NA
6260,2021-12-26 01:00:00,-4.2,-10.1,"63",NA,NA,"E",14.4,25.2,1008.4,1008.8,NA,"0.0/1h",7,7,0.3,45,NA,NA,NA,NA,NA
6260,2021-12-26,-4.5,-9.7,"67",NA,NA,"E",14.4,25.2,1008.7,1009,NA,"0.0/6h",1,1,0.6,45,NA,NA,0,NA,NA
6260,2021-12-25 23:00:00,-4.2,-9.4,"67",NA,NA,"E",14.4,21.6,1009,1009.4,NA,"0.0/1h",0,NA,NA,45,NA,NA,NA,NA,NA
6260,2021-12-25 22:00:00,-4.2,-8.9,"70",NA,NA,"E",14.4,21.6,1009.5,1009.9,NA,"0.0/1h",0,NA,NA,45,NA,NA,NA,NA,NA
6260,2021-12-25 21:00:00,-3.7,-9,"67",NA,NA,"E",18,28.8,1009.7,1010.1,NA,"0.0/1h",0,NA,NA,45,NA,NA,NA,NA,NA
6260,2021-12-25 20:00:00,-3.6,-8.8,"67",NA,NA,"E",14.4,28.8,1009.8,1010.1,NA,"0.0/1h",0,NA,NA,45,NA,NA,NA,NA,NA
6260,2021-12-25 19:00:00,-3,-9,"63",NA,NA,"E",18,32.4,1009.8,1010.2,0.1,"0.0/1h",0,NA,NA,45,NA,NA,NA,NA,NA
6260,2021-12-25 18:00:00,-2.6,-9.3,"60","0.6",NA,"E",18,32.4,1010,1010.4,0.7,"0.0/12h",0,NA,NA,45,NA,NA,NA,0,NA
6260,2021-12-25 17:00:00,-2.4,-9.1,"60",NA,NA,"E",10.8,25.2,1010.1,1010.5,1,"0.0/1h",0,NA,NA,45,NA,NA,NA,NA,NA
6260,2021-12-25 16:00:00,-1.5,-8.7,"58",NA,NA,"ENE",14.4,25.2,1009.7,1010.1,0.6,"0.0/1h",0,NA,NA,45,NA,NA,NA,NA,NA
6260,2021-12-25 15:00:00,-0.5,-7.7,"58",NA,NA,"ENE",21.6,36,1009.3,1009.7,NA,"0.0/1h",0,NA,NA,45,NA,NA,NA,NA,NA
6260,2021-12-25 14:00:00,0.3,-7.5,"56",NA,NA,"ENE",18,36,1009.2,1009.5,NA,"0.0/1h",0,NA,NA,45,NA,NA,NA,NA,NA
6260,2021-12-25 13:00:00,0.5,-6.6,"59",NA,NA,"ENE",21.6,36,1009.1,1009.5,NA,"0.0/1h",0,NA,NA,45,NA,NA,NA,NA,NA
6260,2021-12-25 12:00:00,0.2,-6.6,"60",NA,NA,"E",21.6,39.6,1009.3,1009.7,0.2,"0.0/6h",0,NA,NA,40,NA,NA,0,NA,NA
6260,2021-12-25 11:00:00,-0.5,-6.8,"62",NA,NA,"ENE",21.6,39.6,1009.3,1009.7,0.8,"0.0/1h",0,NA,NA,40,NA,NA,NA,NA,NA
6260,2021-12-25 10:00:00,-1.1,-5.8,"70",NA,NA,"ENE",21.6,39.6,1009.5,1010,1.7,"0.0/1h",2,2,2.5,40,NA,NA,NA,NA,NA
6260,2021-12-25 09:00:00,-1.8,-4.5,"82",NA,NA,"ENE",25.2,43.2,1009.1,1009.5,1.7,"0.0/1h",2,2,2.5,45,NA,NA,NA,NA,NA
6260,2021-12-25 08:00:00,-1.5,-4.1,"82",NA,NA,"ENE",21.6,36,1008.4,1008.9,1.6,"0.0/1h",7,7,2.5,45,NA,NA,NA,NA,NA
6260,2021-12-25 07:00:00,-0.4,-2.6,"85",NA,NA,"ENE",18,28.8,1007.9,1008.3,1.6,"0.0/1h",8,8,1.5,45,NA,NA,NA,NA,NA
6260,2021-12-25 06:00:00,0.3,-1.3,"89",NA,"0.3","ENE",18,36,1007.4,1007.8,1.6,"4.4/24h0.7/12h",8,7,0.2,30,NA,NA,NA,0.7,4.4
6260,2021-12-25 05:00:00,1.3,0.1,"92",NA,NA,"ENE",21.6,36,1006.8,1007.3,1.1,"0.0/1h",8,8,0.3,13,NA,NA,NA,NA,NA
6260,2021-12-25 04:00:00,1.7,0.9,"94",NA,NA,"ENE",18,32.4,1006.3,1006.7,0.6,"0.0/1h",8,8,0.2,7,NA,NA,NA,NA,NA
6260,2021-12-25 03:00:00,2.1,1.3,"94",NA,NA,"ENE",21.6,36,1005.8,1006.2,0.2,"0.0/1h",8,8,0.2,9,NA,NA,NA,NA,NA
6260,2021-12-25 02:00:00,2.5,1.8,"95",NA,NA,"ENE",21.6,36,1005.8,1006.2,0.2,"0.0/1h",8,8,0.2,7,NA,NA,NA,NA,NA
6260,2021-12-25 01:00:00,3.3,2.7,"96",NA,NA,"ENE",18,32.4,1005.7,1006.1,0.6,"0.0/1h",8,8,0.2,5,NA,NA,NA,NA,NA
6260,2021-12-25,4,3.5,"97",NA,NA,"ENE",21.6,28.8,1005.6,1006,0.6,"0.7/6h",8,8,0.1,5,NA,NA,0.7,NA,NA
6260,2021-12-24 23:00:00,4.9,4.2,"95",NA,NA,"NE",10.8,21.6,1005.5,1006,0.7,"0.0/1h",8,5,0.2,11,NA,NA,NA,NA,NA
6260,2021-12-24 22:00:00,5.5,4.9,"96",NA,NA,"ENE",10.8,14.4,1004.9,1005.5,0.6,"0.1/1h",8,7,0.6,11,NA,NA,NA,NA,NA
6260,2021-12-24 21:00:00,5.6,5.2,"97",NA,NA,"NE",7.2,10.8,1005,1005.4,0.8,"0.1/1h",8,6,0.6,7,NA,NA,NA,NA,NA
6260,2021-12-24 20:00:00,5.8,5.4,"97",NA,NA,"ENE",7.2,10.8,1004.9,1005.3,0.8,"0.1/1h",8,5,0.2,8,NA,NA,NA,NA,NA
6260,2021-12-24 19:00:00,6.1,5.8,"98",NA,NA,"NNE",7.2,10.8,1004.5,1004.9,0.7,"0.4/1h",8,8,1,8,NA,NA,NA,NA,NA
6260,2021-12-24 18:00:00,6.1,5.9,"99","9.5",NA,"NE",3.6,21.6,1004.2,1004.6,0.9,"4.0/12h",8,8,0.6,7,NA,NA,NA,4,NA
6260,2021-12-24 17:00:00,6.5,6,"97",NA,NA,"NNE",7.2,10.8,1004.1,1004.5,1.1,"0.3/1h",8,6,0.6,7,NA,NA,NA,NA,NA
6260,2021-12-24 16:00:00,7,6.8,"99",NA,NA,"NE",7.2,14.4,1003.8,1004.2,0.8,"0.9/1h",8,5,0.2,7,NA,NA,NA,NA,NA
6260,2021-12-24 15:00:00,8.2,8,"99",NA,NA,"NW",7.2,25.2,1003.2,1003.7,0.5,"0.5/1h",8,6,0.1,5,NA,NA,NA,NA,NA
6260,2021-12-24 14:00:00,8.7,8.2,"97",NA,NA,"W",14.4,25.2,1002.9,1003.4,NA,"1.0/1h",8,5,0.2,4.7,NA,NA,NA,NA,NA
6260,2021-12-24 13:00:00,8.8,8.2,"96",NA,NA,"W",14.4,25.2,1003,1003.4,NA,"0.5/1h",8,8,0.2,3.9,NA,NA,NA,NA,NA
6260,2021-12-24 12:00:00,9.2,8.1,"93",NA,NA,"W",14.4,28.8,1002.8,1003.2,NA,"0.1/6h",8,8,0.3,8,NA,NA,0.1,NA,NA
6260,2021-12-24 11:00:00,8.6,8,"96",NA,NA,"WSW",14.4,28.8,1003.1,1003.5,NA,"0.1/1h",8,5,0.2,6,NA,NA,NA,NA,NA
6260,2021-12-24 10:00:00,8.5,7.6,"94",NA,NA,"WSW",14.4,28.8,1003.1,1003.5,0.1,"0.0/1h",8,8,0.3,10,NA,NA,NA,NA,NA
6260,2021-12-24 09:00:00,8.7,7.5,"92",NA,NA,"WSW",14.4,32.4,1003.2,1003.6,0.1,"0.0/1h",8,8,0.3,12,NA,NA,NA,NA,NA
6260,2021-12-24 08:00:00,8.7,7.4,"92",NA,NA,"WSW",18,32.4,1003.3,1003.7,0.4,"0.0/1h",8,8,0.3,12,NA,NA,NA,NA,NA
6260,2021-12-24 07:00:00,8.8,7.5,"92",NA,NA,"WSW",14.4,28.8,1003,1003.4,0.2,"0.0/1h",8,8,0.3,12,NA,NA,NA,NA,NA
6260,2021-12-24 06:00:00,9.5,7.8,"89",NA,"4.0","WSW",14.4,36,1003.1,1003.5,0.3,"2.2/24h2.0/12h",8,8,0.3,16,NA,NA,NA,2,2.2
6260,2021-12-24 05:00:00,9.7,8.4,"92",NA,NA,"W",18,36,1002.9,1003.3,0.1,"0.0/1h",8,8,0.3,14,NA,NA,NA,NA,NA
6260,2021-12-24 04:00:00,9.8,8.8,"93",NA,NA,"W",18,32.4,1002.8,1003.2,NA,"0.0/1h",8,8,0.3,12,NA,NA,NA,NA,NA
6260,2021-12-24 03:00:00,9.9,9.1,"95",NA,NA,"W",18,36,1002.8,1003.2,NA,"0.0/1h",8,8,0.2,11,NA,NA,NA,NA,NA
6260,2021-12-24 02:00:00,9.2,9,"99",NA,NA,"WSW",14.4,28.8,1002.9,1003.2,NA,"0.3/1h",8,7,0.1,4.1,NA,NA,NA,NA,NA
6260,2021-12-24 01:00:00,8.2,8,"99",NA,NA,"WSW",18,32.4,1003,1003.4,NA,"0.7/1h",8,8,0.1,2,NA,NA,NA,NA,NA
6260,2021-12-24,7.7,7.5,"99",NA,NA,"SW",21.6,39.6,1003.2,1003.6,NA,"1.0/6h",8,8,0.1,2,NA,NA,1,NA,NA
6260,2021-12-23 23:00:00,7,6.9,"99",NA,NA,"SW",18,32.4,1003.6,1004,NA,"0.2/1h",8,8,0.1,1.6,NA,NA,NA,NA,NA
6260,2021-12-23 22:00:00,6.5,6.3,"99",NA,NA,"SW",18,39.6,1003.9,1004.2,NA,"0.2/1h",8,8,0.1,2.5,NA,NA,NA,NA,NA
6260,2021-12-23 21:00:00,5.8,5.5,"98",NA,NA,"SW",18,39.6,1004.1,1004.5,NA,"0.2/1h",8,8,0.1,2.2,NA,NA,NA,NA,NA
6260,2021-12-23 20:00:00,4.8,4.6,"99",NA,NA,"SW",18,32.4,1004.6,1005,NA,"0.1/1h",8,8,0.1,1.1,NA,NA,NA,NA,NA
6260,2021-12-23 19:00:00,4.1,3.7,"97",NA,NA,"SSW",18,32.4,1004.7,1005.1,NA,"0.3/1h",8,8,0.1,1.9,NA,NA,NA,NA,NA
6260,2021-12-23 18:00:00,4.2,3.1,"93","4.2",NA,"SSW",18,32.4,1005.3,1005.7,NA,"0.0/12h",8,8,0.2,5,NA,NA,NA,0,NA
6260,2021-12-23 17:00:00,4,2.4,"89",NA,NA,"SSW",18,28.8,1005.9,1006.3,NA,"0.0/1h",8,8,0.2,7,NA,NA,NA,NA,NA
6260,2021-12-23 16:00:00,3.8,1.8,"87",NA,NA,"SW",21.6,32.4,1006.4,1006.8,NA,"0.0/1h",8,8,0.2,8,NA,NA,NA,NA,NA
6260,2021-12-23 15:00:00,3.7,1.4,"85",NA,NA,"SW",18,28.8,1006.6,1006.9,NA,"0.0/1h",8,8,0.3,9,NA,NA,NA,NA,NA
6260,2021-12-23 14:00:00,3.5,1,"84",NA,NA,"SW",14.4,25.2,1006.5,1006.9,NA,"0.0/1h",8,8,2.5,8,NA,NA,NA,NA,NA
6260,2021-12-23 13:00:00,3,0.5,"84",NA,NA,"SSW",14.4,25.2,1006.8,1007.1,NA,"0.0/1h",8,8,2.5,8,NA,NA,NA,NA,NA
6260,2021-12-23 12:00:00,2.1,-0.3,"84",NA,NA,"SSW",14.4,28.8,1007.9,1008.2,NA,"0.0/6h",8,8,2.5,8,NA,NA,0,NA,NA
6260,2021-12-23 11:00:00,1.1,-0.9,"87",NA,NA,"S",14.4,25.2,1008.8,1009.2,NA,"0.0/1h",8,8,2.5,7,NA,NA,NA,NA,NA
6260,2021-12-23 10:00:00,0.2,-1.5,"88",NA,NA,"S",14.4,21.6,1009.7,1010.1,NA,"0.0/1h",8,8,2.5,6,NA,NA,NA,NA,NA
6260,2021-12-23 09:00:00,-0.4,-2,"89",NA,NA,"S",14.4,21.6,1010.3,1010.7,NA,"0.0/1h",8,8,2.5,5,NA,NA,NA,NA,NA
6260,2021-12-23 08:00:00,-0.8,-2.2,"90",NA,NA,"S",10.8,14.4,1011.4,1011.8,NA,"0.0/1h",8,8,1.5,6,NA,NA,NA,NA,NA
6260,2021-12-23 07:00:00,-0.8,-2.4,"89",NA,NA,"S",7.2,14.4,1011.7,1012.1,NA,"0.0/1h",8,8,0.2,5,NA,NA,NA,NA,NA
6260,2021-12-23 06:00:00,-1,-2.6,"89",NA,"-2.1","S",10.8,28.8,1011.7,1012,NA,"0.0/24h0.0/12h",8,8,0.2,5,NA,NA,NA,0,0
6260,2021-12-23 05:00:00,-1,-3,"86",NA,NA,"S",14.4,28.8,1012.6,1013.1,NA,"0.0/1h",8,8,0.3,8,NA,NA,NA,NA,NA
6260,2021-12-23 04:00:00,-1.2,-3.4,"85",NA,NA,"SSE",14.4,21.6,1012.6,1012.8,NA,"0.0/1h",8,8,2.5,12,NA,NA,NA,NA,NA
6260,2021-12-23 03:00:00,-1.1,-3.5,"84",NA,NA,"SSE",14.4,21.6,1013.7,1014,NA,"0.0/1h",8,8,2.5,14,NA,NA,NA,NA,NA
6260,2021-12-23 02:00:00,-0.6,-3.1,"83",NA,NA,"SSE",10.8,18,1014.5,1014.7,NA,"0.0/1h",8,8,2.5,15,NA,NA,NA,NA,NA
6260,2021-12-23 01:00:00,-0.4,-2.8,"84",NA,NA,"S",10.8,18,1015.5,1015.8,NA,"0.0/1h",8,8,2.5,16,NA,NA,NA,NA,NA
6260,2021-12-23,-0.6,-2.8,"85",NA,NA,"S",10.8,21.6,1016.1,1016.4,NA,"0.0/6h",8,8,2.5,15,NA,NA,0,NA,NA
6260,2021-12-22 23:00:00,-0.8,-2.9,"86",NA,NA,"SSE",14.4,21.6,1016.7,1017,NA,"0.0/1h",8,8,2.5,13,NA,NA,NA,NA,NA
6260,2021-12-22 22:00:00,-1,-2.9,"87",NA,NA,"SSE",10.8,18,1017.6,1017.9,NA,"0.0/1h",8,8,2.5,13,NA,NA,NA,NA,NA
6260,2021-12-22 21:00:00,-0.9,-2.9,"86",NA,NA,"SE",10.8,18,1018.2,1018.6,NA,"0.0/1h",8,8,2.5,14,NA,NA,NA,NA,NA
6260,2021-12-22 20:00:00,-1.3,-3,"88",NA,NA,"SE",14.4,18,1018.8,1019.3,NA,"0.0/1h",8,8,2.5,13,NA,NA,NA,NA,NA
6260,2021-12-22 19:00:00,-1.6,-3.3,"88",NA,NA,"SE",10.8,18,1019.4,1019.7,NA,"0.0/1h",8,8,2.5,12,NA,NA,NA,NA,NA
6260,2021-12-22 18:00:00,-1.7,-3,"91","0.0",NA,"ESE",7.2,18,1020.2,1020.7,NA,"0.0/12h",8,8,2.5,12,NA,NA,NA,0,NA
6260,2021-12-22 17:00:00,-1.1,-2.7,"89",NA,NA,"SE",14.4,18,1020.6,1021,NA,"0.0/1h",8,8,2.5,13,NA,NA,NA,NA,NA
6260,2021-12-22 16:00:00,-1.1,-2.7,"89",NA,NA,"SE",10.8,14.4,1021,1021.5,NA,"0.0/1h",8,8,2.5,15,NA,NA,NA,NA,NA
6260,2021-12-22 15:00:00,-0.7,-2.3,"89",NA,NA,"SE",7.2,14.4,1021.5,1022.1,NA,"0.0/1h",8,8,2.5,15,NA,NA,NA,NA,NA
6260,2021-12-22 14:00:00,-0.4,-2.2,"88",NA,NA,"SE",7.2,14.4,1022.2,1022.7,NA,"0.0/1h",8,8,2.5,13,NA,NA,NA,NA,NA
6260,2021-12-22 13:00:00,0,-2,"86",NA,NA,"SSE",7.2,10.8,1023.1,1023.5,NA,"0.0/1h",8,8,2.5,15,NA,NA,NA,NA,NA
6260,2021-12-22 12:00:00,-0.6,-2.5,"87",NA,NA,"SSE",10.8,14.4,1023.7,1024.1,NA,"0.0/6h",8,8,2.5,13,NA,NA,0,NA,NA
6260,2021-12-22 11:00:00,-1.1,-2.7,"89",NA,NA,"SSE",7.2,10.8,1024.3,1024.8,NA,"0.0/1h",8,8,2.5,11,NA,NA,NA,NA,NA
6260,2021-12-22 10:00:00,-2.4,-3.6,"91",NA,NA,"SSE",10.8,14.4,1024.7,1025.2,NA,"0.0/1h",8,8,2.5,9,NA,NA,NA,NA,NA
6260,2021-12-22 09:00:00,-3,-3.6,"96",NA,NA,"SSE",7.2,10.8,1024.7,1025.2,NA,"0.0/1h",8,8,2.5,8,NA,NA,NA,NA,NA
6260,2021-12-22 08:00:00,-3.9,-4.8,"93",NA,NA,"SE",7.2,10.8,1024.7,1025.1,NA,"0.0/1h",8,8,2.5,7,NA,NA,NA,NA,NA
6260,2021-12-22 07:00:00,-4.1,-4.9,"94",NA,NA,"SE",7.2,10.8,1024.9,1025.4,NA,"0.0/1h",8,8,2.5,6,NA,NA,NA,NA,NA
6260,2021-12-22 06:00:00,-4,-4.6,"96",NA,"-6.1","SE",7.2,10.8,1025,1025.5,NA,"0.1/24h0.0/12h",8,8,2.5,6,NA,NA,NA,0,0.1
6260,2021-12-22 05:00:00,-4.4,-4.6,"99",NA,NA,"SE",7.2,10.8,1025,1025.6,NA,"0.0/1h",8,8,2.5,5,NA,NA,NA,NA,NA
6260,2021-12-22 04:00:00,-6.1,-6.6,"96",NA,NA,"SE",7.2,10.8,1025.5,1025.9,NA,"0.0/1h",8,8,2.5,6,NA,NA,NA,NA,NA
6260,2021-12-22 03:00:00,-6.1,-6.3,"98",NA,NA,"SE",3.6,10.8,1025.6,1026.2,NA,"0.0/1h",8,8,2.5,6,NA,NA,NA,NA,NA
6260,2021-12-22 02:00:00,-5.6,-6.2,"96",NA,NA,"ESE",7.2,10.8,1025.7,1026.1,NA,"0.0/1h",7,7,2.5,5,NA,NA,NA,NA,NA
6260,2021-12-22 01:00:00,-5.3,-5.4,"99",NA,NA,"ESE",7.2,10.8,1025.7,1026.1,NA,"0.0/1h",7,7,2.5,5,NA,NA,NA,NA,NA
6260,2021-12-22,-4.9,-5.3,"97",NA,NA,"SE",3.6,10.8,1025.7,1026.2,NA,"0.0/6h",0,NA,NA,4.5,NA,NA,0,NA,NA
6260,2021-12-21 23:00:00,-4.7,-4.9,"99",NA,NA,"SSE",7.2,10.8,1025.8,1026.3,NA,"0.0/1h",2,2,2.5,4.4,NA,NA,NA,NA,NA
6260,2021-12-21 22:00:00,-4.2,-4.6,"97",NA,NA,"SSE",7.2,10.8,1026,1026.4,NA,"0.0/1h",4,4,2.5,4.4,NA,NA,NA,NA,NA
6260,2021-12-21 21:00:00,-4,-4.5,"96",NA,NA,"SE",3.6,10.8,1026,1026.5,0,"0.0/1h",1,1,2.5,2.7,NA,NA,NA,NA,NA
6260,2021-12-21 20:00:00,-3.6,-3.8,"99",NA,NA,"ESE",7.2,10.8,1026.1,1026.6,0.2,"0.0/1h",0,NA,NA,3.4,NA,NA,NA,NA,NA
6260,2021-12-21 19:00:00,-3.3,-3.5,"99",NA,NA,"ESE",7.2,10.8,1025.9,1026.5,0.3,"0.0/1h",0,NA,NA,4.2,NA,NA,NA,NA,NA
6260,2021-12-21 18:00:00,-2.7,-2.9,"99","4.7",NA,"ESE",7.2,10.8,1026,1026.5,0.4,"0.1/12h",0,NA,NA,7,NA,NA,NA,0.1,NA
6260,2021-12-21 17:00:00,-1.9,-2.4,"96",NA,NA,"ENE",3.6,10.8,1025.9,1026.4,0.4,"0.0/1h",0,NA,NA,10,NA,NA,NA,NA,NA
6260,2021-12-21 16:00:00,-0.6,-2,"90",NA,NA,"ENE",7.2,10.8,1025.7,1026.2,0.1,"0.0/1h",0,NA,NA,17,NA,NA,NA,NA,NA
6260,2021-12-21 15:00:00,2.5,-1.6,"74",NA,NA,"E",7.2,10.8,1025.7,1026.1,NA,"0.0/1h",0,NA,NA,30,NA,NA,NA,NA,NA
6260,2021-12-21 14:00:00,4,-1.1,"69",NA,NA,"E",7.2,10.8,1025.5,1025.9,NA,"0.0/1h",0,NA,NA,29,NA,NA,NA,NA,NA
6260,2021-12-21 13:00:00,4.2,-1.2,"68",NA,NA,"E",7.2,10.8,1025.6,1026,NA,"0.0/1h",0,NA,NA,27,NA,NA,NA,NA,NA
6260,2021-12-21 12:00:00,3.7,-0.7,"73",NA,NA,"ESE",3.6,10.8,1026.2,1026.6,NA,"0.1/6h",0,NA,NA,19,NA,NA,0.1,NA,NA
6260,2021-12-21 11:00:00,2.8,-0.5,"79",NA,NA,"S",3.6,10.8,1026.5,1026.9,NA,"0.0/1h",0,NA,NA,15,NA,NA,NA,NA,NA
6260,2021-12-21 10:00:00,-0.5,-1.5,"93",NA,NA,"E",3.6,3.6,1027,1027.5,0.3,"0.1/1h",0,NA,NA,13,NA,NA,NA,NA,NA
6260,2021-12-21 09:00:00,-2.5,-3.3,"94",NA,NA,"NE",3.6,3.6,1027.2,1027.6,0.4,"0.0/1h",0,NA,NA,11,NA,NA,NA,NA,NA
6260,2021-12-21 08:00:00,-5.2,-5.9,"95",NA,NA,"CAL",0,3.6,1026.8,1027.3,0.1,"0.0/1h",0,NA,NA,10,NA,NA,NA,NA,NA
6260,2021-12-21 07:00:00,-5.4,-5.6,"98",NA,NA,"CAL",0,3.6,1026.7,1027.2,NA,"0.0/1h",0,NA,NA,11,NA,NA,NA,NA,NA
6260,2021-12-21 06:00:00,-5,-5.6,"96",NA,"-5.2","ENE",3.6,3.6,1026.7,1027.2,NA,"0.0/24h0.0/12h",0,NA,NA,9,NA,NA,NA,0,0
6260,2021-12-21 05:00:00,-4.8,-5.3,"96",NA,NA,"CAL",0,3.6,1026.7,1027.2,NA,"0.0/1h",0,NA,NA,8,NA,NA,NA,NA,NA
6260,2021-12-21 04:00:00,-4.7,-4.8,"99",NA,NA,"NNE",3.6,3.6,1027,1027.5,NA,"0.0/1h",0,NA,NA,8,NA,NA,NA,NA,NA
6260,2021-12-21 03:00:00,-4.3,-4.5,"99",NA,NA,"E",3.6,3.6,1027,1027.4,NA,"0.0/1h",0,NA,NA,7,NA,NA,NA,NA,NA
6260,2021-12-21 02:00:00,-3.6,-4,"97",NA,NA,"E",3.6,3.6,1027.2,1027.6,NA,"0.0/1h",0,NA,NA,8,NA,NA,NA,NA,NA
6260,2021-12-21 01:00:00,-3.6,-3.9,"98",NA,NA,"ESE",7.2,10.8,1027.5,1027.9,NA,"0.0/1h",0,NA,NA,6,NA,NA,NA,NA,NA
6260,2021-12-21,-3.3,-3.5,"99",NA,NA,"ESE",3.6,10.8,1027.8,1028.2,NA,"0.0/6h",0,NA,NA,3.2,NA,NA,0,NA,NA
6260,2021-12-20 23:00:00,-3,-3.1,"99",NA,NA,"E",3.6,3.6,1027.8,1028.2,NA,"0.0/1h",0,NA,NA,1.8,NA,NA,NA,NA,NA
6260,2021-12-20 22:00:00,-2.6,-2.7,"99",NA,NA,"NE",3.6,3.6,1027.9,1028.3,NA,"0.0/1h",0,NA,NA,3.4,NA,NA,NA,NA,NA
6260,2021-12-20 21:00:00,-2.2,-2.2,"100",NA,NA,"CAL",0,3.6,1028.2,1028.6,0.1,"0.0/1h",0,NA,NA,1.4,NA,NA,NA,NA,NA
6260,2021-12-20 20:00:00,-1.4,-1.6,"99",NA,NA,"CAL",0,3.6,1028.1,1028.5,0.2,"0.0/1h",0,NA,NA,3.2,NA,NA,NA,NA,NA
6260,2021-12-20 19:00:00,-0.8,-1,"99",NA,NA,"E",3.6,3.6,1028.2,1028.6,0.4,"0.0/1h",0,NA,NA,12,NA,NA,NA,NA,NA
6260,2021-12-20 18:00:00,0.1,-0.3,"97","7.3",NA,"ENE",3.6,10.8,1028.1,1028.5,0.1,"0.0/12h",0,NA,NA,18,NA,NA,NA,0,NA
6260,2021-12-20 17:00:00,1.6,0.6,"93",NA,NA,"ENE",3.6,10.8,1027.9,1028.3,NA,"0.0/1h",0,NA,NA,23,NA,NA,NA,NA,NA
6260,2021-12-20 16:00:00,3.8,0.8,"81",NA,NA,"NE",3.6,10.8,1027.9,1028.2,NA,"0.0/1h",1,1,1,30,NA,NA,NA,NA,NA
6260,2021-12-20 15:00:00,6.3,0.7,"67",NA,NA,"NNE",7.2,10.8,1027.9,1028.4,NA,"0.0/1h",8,8,1,30,NA,NA,NA,NA,NA
6260,2021-12-20 14:00:00,7.2,-0.2,"59",NA,NA,"NW",3.6,10.8,1027.9,1028.4,NA,"0.0/1h",7,7,1,30,NA,NA,NA,NA,NA
6260,2021-12-20 13:00:00,6.7,0.3,"64",NA,NA,"NE",7.2,10.8,1028.2,1028.5,NA,"0.0/1h",8,8,1,40,NA,NA,NA,NA,NA
6260,2021-12-20 12:00:00,6.8,0.6,"65",NA,NA,"NNE",3.6,10.8,1028.4,1028.8,0.1,"0.0/6h",8,8,1,29,NA,NA,0,NA,NA
6260,2021-12-20 11:00:00,6.4,2,"73",NA,NA,"NE",7.2,10.8,1028.6,1029,0.6,"0.0/1h",8,8,1,28,NA,NA,NA,NA,NA
6260,2021-12-20 10:00:00,5.7,3,"83",NA,NA,"NE",7.2,10.8,1028.6,1029,0.8,"0.0/1h",8,8,1,22,NA,NA,NA,NA,NA
6260,2021-12-20 09:00:00,5.2,3.6,"89",NA,NA,"NNE",3.6,10.8,1028.2,1028.7,0.7,"0.0/1h",8,8,1,22,NA,NA,NA,NA,NA
6260,2021-12-20 08:00:00,4.9,2.8,"86",NA,NA,"NNE",3.6,10.8,1028,1028.4,0.6,"0.0/1h",8,8,1,21,NA,NA,NA,NA,NA
6260,2021-12-20 07:00:00,5.1,2,"80",NA,NA,"NNE",7.2,10.8,1027.8,1028.2,0.4,"0.0/1h",8,8,1,20,NA,NA,NA,NA,NA
6260,2021-12-20 06:00:00,6.1,1.7,"73",NA,"5.7","N",7.2,18,1027.6,1028,0.1,"0.2/24h0.1/12h",8,8,1,18,NA,NA,NA,0.1,0.2
6260,2021-12-20 05:00:00,6.1,2.4,"77",NA,NA,"N",7.2,14.4,1027.4,1027.8,NA,"0.0/1h",8,8,1,16,NA,NA,NA,NA,NA
6260,2021-12-20 04:00:00,5.9,3.3,"83",NA,NA,"NNW",3.6,10.8,1027.4,1027.8,NA,"0.0/1h",8,8,1,14,NA,NA,NA,NA,NA
6260,2021-12-20 03:00:00,6.3,3,"79",NA,NA,"NNW",7.2,14.4,1027.5,1027.9,NA,"0.0/1h",8,8,0.6,14,NA,NA,NA,NA,NA
6260,2021-12-20 02:00:00,6.3,3.4,"82",NA,NA,"N",7.2,10.8,1027.7,1028.1,NA,"0.0/1h",8,8,0.6,14,NA,NA,NA,NA,NA
6260,2021-12-20 01:00:00,6.1,4.3,"88",NA,NA,"NW",7.2,10.8,1027.7,1028.1,NA,"0.0/1h",8,8,0.6,16,NA,NA,NA,NA,NA
6260,2021-12-20,6.5,4.4,"86",NA,NA,"NNW",3.6,18,1028,1028.4,NA,"0.1/6h",8,8,0.6,18,NA,NA,0.1,NA,NA
6260,2021-12-19 23:00:00,6.8,5.2,"90",NA,NA,"NNW",7.2,14.4,1028.2,1028.6,NA,"0.0/1h",8,8,0.6,23,NA,NA,NA,NA,NA
6260,2021-12-19 22:00:00,6.8,5.8,"93",NA,NA,"NNW",7.2,14.4,1028.4,1028.7,NA,"0.0/1h",8,8,0.6,13,NA,NA,NA,NA,NA
6260,2021-12-19 21:00:00,6.7,6.3,"97",NA,NA,"NW",7.2,18,1028.6,1029,NA,"0.0/1h",8,8,0.6,16,NA,NA,NA,NA,NA
6260,2021-12-19 20:00:00,6.9,6.2,"95",NA,NA,"N",7.2,18,1028.5,1029,NA,"0.0/1h",8,5,0.2,5,NA,NA,NA,NA,NA
6260,2021-12-19 19:00:00,7.2,5.8,"91",NA,NA,"NNW",7.2,10.8,1028.5,1028.9,NA,"0.0/1h",8,8,0.3,10,NA,NA,NA,NA,NA
6260,2021-12-19 18:00:00,7.2,5.8,"91","7.2",NA,"NW",7.2,18,1028.8,1029.1,NA,"0.1/12h",8,6,0.3,9,NA,NA,NA,0.1,NA
6260,2021-12-19 17:00:00,7.1,6,"93",NA,NA,"NW",10.8,18,1028.9,1029.3,NA,"0.0/1h",8,8,0.3,12,NA,NA,NA,NA,NA
6260,2021-12-19 16:00:00,7,6.2,"95",NA,NA,"NW",7.2,14.4,1029.3,1029.7,NA,"0.0/1h",8,8,0.3,10,NA,NA,NA,NA,NA
6260,2021-12-19 15:00:00,7,6.3,"95",NA,NA,"NNW",7.2,18,1029.8,1030.2,NA,"0.0/1h",8,5,0.3,10,NA,NA,NA,NA,NA
6260,2021-12-19 14:00:00,6.9,6.1,"95",NA,NA,"NNW",10.8,14.4,1030.3,1030.7,NA,"0.0/1h",8,5,0.3,6,NA,NA,NA,NA,NA
6260,2021-12-19 13:00:00,6.9,6,"94",NA,NA,"NW",7.2,18,1030.6,1031,NA,"0.0/1h",8,6,0.3,10,NA,NA,NA,NA,NA
6260,2021-12-19 12:00:00,7.1,5.9,"92",NA,NA,"NNW",10.8,21.6,1031.3,1031.6,NA,"0.1/6h",8,6,0.2,9,NA,NA,0.1,NA,NA
6260,2021-12-19 11:00:00,7.1,6.1,"93",NA,NA,"NNW",10.8,21.6,1032,1032.3,NA,"0.0/1h",8,7,0.3,12,NA,NA,NA,NA,NA
6260,2021-12-19 10:00:00,7.1,6.1,"93",NA,NA,"NNW",10.8,21.6,1032.5,1032.9,NA,"0.1/1h",8,8,0.3,30,NA,NA,NA,NA,NA
6260,2021-12-19 09:00:00,6.7,6.5,"99",NA,NA,"NW",7.2,21.6,1032.5,1032.9,NA,"0.1/1h",8,6,0.2,1.9,NA,NA,NA,NA,NA
6260,2021-12-19 08:00:00,6.6,6.4,"99",NA,NA,"NW",7.2,14.4,1032.8,1033.2,NA,"0.0/1h",8,7,0.2,4.9,NA,NA,NA,NA,NA
6260,2021-12-19 07:00:00,6.9,6.5,"97",NA,NA,"NW",10.8,21.6,1033.1,1033.5,NA,"0.0/1h",8,8,0.2,8,NA,NA,NA,NA,NA
6260,2021-12-19 06:00:00,7.1,7,"99",NA,"5.7","NW",7.2,18,1033.4,1033.7,NA,"0.5/24h0.3/12h",8,8,0.1,2.4,NA,NA,NA,0.3,0.5
6260,2021-12-19 05:00:00,6.9,6.9,"100",NA,NA,"WNW",7.2,14.4,1033.6,1034,NA,"0.0/1h",8,8,0.1,2.4,NA,NA,NA,NA,NA
6260,2021-12-19 04:00:00,6.9,6.7,"99",NA,NA,"W",10.8,18,1034.1,1034.5,NA,"0.0/1h",8,8,0.1,2.3,NA,NA,NA,NA,NA
6260,2021-12-19 03:00:00,6.2,6.2,"100",NA,NA,"W",10.8,18,1034.8,1035.1,NA,"0.1/1h",8,8,0.1,2,NA,NA,NA,NA,NA
6260,2021-12-19 02:00:00,6.2,6.2,"100",NA,NA,"WNW",7.2,14.4,1035.6,1036,NA,"0.0/1h",8,8,0.1,1.2,NA,NA,NA,NA,NA
6260,2021-12-19 01:00:00,5.9,5.9,"100",NA,NA,"W",7.2,14.4,1035.8,1036.2,NA,"0.0/1h",9,9,0,0.9,NA,NA,NA,NA,NA
6260,2021-12-19,5.9,5.9,"100",NA,NA,"WNW",7.2,21.6,1036.4,1036.8,NA,"0.1/6h",8,8,0.1,1.3,NA,NA,0.1,NA,NA
6260,2021-12-18 23:00:00,5.8,5.8,"100",NA,NA,"WNW",3.6,14.4,1037,1037.4,NA,"0.0/1h",8,8,0.1,0.5,NA,NA,NA,NA,NA
6260,2021-12-18 22:00:00,6.2,6.2,"100",NA,NA,"NW",7.2,14.4,1037.3,1037.7,NA,"0.0/1h",9,9,0,0.5,NA,NA,NA,NA,NA
6260,2021-12-18 21:00:00,6.8,6.7,"99",NA,NA,"NW",7.2,10.8,1037.3,1037.7,NA,"0.0/1h",8,8,0.1,1.7,NA,NA,NA,NA,NA
6260,2021-12-18 20:00:00,6.8,6.7,"99",NA,NA,"W",3.6,10.8,1037.5,1037.8,NA,"0.0/1h",8,8,0.1,4.1,NA,NA,NA,NA,NA
6260,2021-12-18 19:00:00,6.7,6.7,"100",NA,NA,"NW",3.6,10.8,1038,1038.4,NA,"0.0/1h",8,5,0.1,5,NA,NA,NA,NA,NA
6260,2021-12-18 18:00:00,6.6,6.6,"100","6.6",NA,"WNW",3.6,10.8,1038.1,1038.5,NA,"0.1/12h",8,6,0.1,3.8,NA,NA,NA,0.1,NA
6260,2021-12-18 17:00:00,6.4,6.4,"100",NA,NA,"NW",3.6,10.8,1038.2,1038.5,NA,"0.1/1h",8,7,0.2,3.2,NA,NA,NA,NA,NA
6260,2021-12-18 16:00:00,6.3,6.1,"99",NA,NA,"WNW",3.6,10.8,1038.5,1038.8,NA,"0.0/1h",8,8,0.1,1.4,NA,NA,NA,NA,NA
6260,2021-12-18 15:00:00,6.3,5.9,"97",NA,NA,"ENE",7.2,10.8,1038.4,1038.8,NA,"0.0/1h",8,8,0.1,6,NA,NA,NA,NA,NA
6260,2021-12-18 14:00:00,6.1,5.8,"98",NA,NA,"NE",7.2,10.8,1038.4,1038.8,NA,"0.0/1h",8,8,0.1,25,NA,NA,NA,NA,NA
6260,2021-12-18 13:00:00,5.7,5.5,"99",NA,NA,"N",3.6,10.8,1039,1039.3,NA,"0.0/1h",8,8,0.1,3,NA,NA,NA,NA,NA
6260,2021-12-18 12:00:00,5.3,5.2,"99",NA,NA,"NE",7.2,14.4,1039.4,1039.8,NA,"0.0/6h",8,8,0.1,5,NA,NA,0,NA,NA
6260,2021-12-18 11:00:00,4.9,4.7,"99",NA,NA,"NNE",7.2,10.8,1039.9,1040.3,NA,"0.0/1h",8,8,0.1,5,NA,NA,NA,NA,NA
6260,2021-12-18 10:00:00,4.7,4.7,"100",NA,NA,"N",7.2,10.8,1040.1,1040.5,0.1,"0.0/1h",8,8,0.1,3.9,NA,NA,NA,NA,NA
6260,2021-12-18 09:00:00,4.9,4.9,"100",NA,NA,"NNE",3.6,14.4,1040,1040.4,0.2,"0.0/1h",9,9,0.1,0.8,NA,NA,NA,NA,NA
6260,2021-12-18 08:00:00,4.9,4.9,"100",NA,NA,"NNE",7.2,10.8,1040,1040.5,0.3,"0.0/1h",9,9,0,0.8,NA,NA,NA,NA,NA
6260,2021-12-18 07:00:00,5.5,5.4,"99",NA,NA,"NNE",7.2,10.8,1039.9,1040.4,0.3,"0.0/1h",8,8,0.1,0.5,NA,NA,NA,NA,NA
6260,2021-12-18 06:00:00,6.1,6.1,"100",NA,"6.1","NE",7.2,14.4,1039.8,1040.2,NA,"0.2/24h0.2/12h",8,8,0.1,2.1,NA,NA,NA,0.2,0.2
6260,2021-12-18 05:00:00,6.8,6.7,"99",NA,NA,"NNE",7.2,14.4,1039.8,1040.2,NA,"0.0/1h",8,8,0.1,6,NA,NA,NA,NA,NA
6260,2021-12-18 04:00:00,7.2,7.1,"99",NA,NA,"N",7.2,10.8,1039.7,1040.1,NA,"0.0/1h",8,8,0.1,2,NA,NA,NA,NA,NA
6260,2021-12-18 03:00:00,7.6,7.2,"97",NA,NA,"NNE",7.2,14.4,1039.8,1040.2,NA,"0.0/1h",8,8,0.1,4.6,NA,NA,NA,NA,NA
6260,2021-12-18 02:00:00,7.9,7.2,"95",NA,NA,"NNE",7.2,10.8,1040.1,1040.4,NA,"0.0/1h",8,8,0.1,10,NA,NA,NA,NA,NA
6260,2021-12-18 01:00:00,7.8,7.5,"98",NA,NA,"NE",3.6,10.8,1040.1,1040.4,NA,"0.0/1h",8,8,0.2,4.4,NA,NA,NA,NA,NA
6260,2021-12-18,7.8,7.7,"99",NA,NA,"NE",3.6,10.8,1040.4,1040.8,NA,"0.1/6h",8,5,0.1,3.2,NA,NA,0.1,NA,NA
6260,2021-12-17 23:00:00,7.9,7.5,"97",NA,NA,"NE",7.2,10.8,1040.4,1040.8,NA,"0.0/1h",8,8,0.2,5,NA,NA,NA,NA,NA
6260,2021-12-17 22:00:00,7.9,7.5,"97",NA,NA,"N",3.6,10.8,1040.5,1040.9,0,"0.0/1h",8,8,0.2,3.1,NA,NA,NA,NA,NA
6260,2021-12-17 21:00:00,7.9,7.7,"99",NA,NA,"NNW",3.6,10.8,1040.7,1041.1,0.2,"0.0/1h",8,5,0.1,3.2,NA,NA,NA,NA,NA
6260,2021-12-17 20:00:00,7.9,7.7,"99",NA,NA,"NNE",3.6,10.8,1040.5,1040.9,0.1,"0.0/1h",8,8,0.2,4.6,NA,NA,NA,NA,NA
6260,2021-12-17 19:00:00,7.9,7.6,"98",NA,NA,"N",3.6,10.8,1040.6,1040.9,0.2,"0.0/1h",8,8,0.3,4.6,NA,NA,NA,NA,NA
6260,2021-12-17 18:00:00,8.2,7.2,"93","8.6",NA,"NE",7.2,14.4,1040.5,1040.9,0.2,"0.0/12h",8,8,0.2,10,NA,NA,NA,0,NA
6260,2021-12-17 17:00:00,8.1,7.5,"96",NA,NA,"NNE",7.2,10.8,1040.4,1040.8,0.1,"0.0/1h",8,8,0.2,6,NA,NA,NA,NA,NA
6260,2021-12-17 16:00:00,8.4,7,"91",NA,NA,"N",7.2,10.8,1040.3,1040.7,NA,"0.0/1h",8,8,0.3,14,NA,NA,NA,NA,NA
6260,2021-12-17 15:00:00,8.5,6.4,"87",NA,NA,"NE",7.2,10.8,1040.3,1040.7,NA,"0.0/1h",8,8,0.3,45,NA,NA,NA,NA,NA
6260,2021-12-17 14:00:00,8.5,6.4,"87",NA,NA,"ENE",7.2,10.8,1040.3,1040.7,NA,"0.0/1h",8,8,0.3,45,NA,NA,NA,NA,NA
6260,2021-12-17 13:00:00,8,6.9,"93",NA,NA,"ENE",7.2,14.4,1040.7,1041,NA,"0.0/1h",8,8,0.3,18,NA,NA,NA,NA,NA
6260,2021-12-17 12:00:00,7.9,6.9,"93",NA,NA,"ENE",10.8,18,1040.8,1041.2,0.4,"0.0/6h",8,8,0.2,17,NA,NA,0,NA,NA
6260,2021-12-17 11:00:00,7.9,7,"94",NA,NA,"NE",10.8,18,1040.9,1041.3,0.7,"0.0/1h",8,8,0.2,16,NA,NA,NA,NA,NA
6260,2021-12-17 10:00:00,7.8,7.2,"96",NA,NA,"NE",7.2,14.4,1040.8,1041.2,0.8,"0.0/1h",8,8,0.2,10,NA,NA,NA,NA,NA
6260,2021-12-17 09:00:00,7.5,7.1,"97",NA,NA,"NNE",7.2,10.8,1040.4,1040.8,0.6,"0.0/1h",8,8,0.3,6,NA,NA,NA,NA,NA
6260,2021-12-17 08:00:00,7.1,7.1,"100",NA,NA,"NE",3.6,10.8,1040.2,1040.6,0.8,"0.0/1h",8,5,0.2,3.1,NA,NA,NA,NA,NA
6260,2021-12-17 07:00:00,7.1,7,"99",NA,NA,"ENE",3.6,10.8,1040,1040.4,0.5,"0.0/1h",8,8,0.1,2.1,NA,NA,NA,NA,NA
6260,2021-12-17 06:00:00,7,6.7,"98",NA,"3.5","ENE",3.6,10.8,1039.7,1040.2,0.2,"0.0/24h0.0/12h",8,8,0.3,3.8,NA,NA,NA,0,0
6260,2021-12-17 05:00:00,7.2,7,"99",NA,NA,"N",7.2,10.8,1039.5,1039.8,NA,"0.0/1h",8,8,0.1,3.1,NA,NA,NA,NA,NA
6260,2021-12-17 04:00:00,6.9,6.9,"100",NA,NA,"NNW",3.6,10.8,1039.6,1039.9,0,"0.0/1h",8,8,0.1,2.3,NA,NA,NA,NA,NA
6260,2021-12-17 03:00:00,6.9,6.8,"99",NA,NA,"NNW",3.6,10.8,1039.7,1040,0.1,"0.0/1h",8,8,0.1,4.1,NA,NA,NA,NA,NA
6260,2021-12-17 02:00:00,6.9,6.7,"99",NA,NA,"NNW",3.6,10.8,1039.6,1040,NA,"0.0/1h",8,8,0.1,3,NA,NA,NA,NA,NA
6260,2021-12-17 01:00:00,6.7,6.7,"100",NA,NA,"CAL",0,3.6,1039.6,1039.9,NA,"0.0/1h",8,8,0.1,3.1,NA,NA,NA,NA,NA
6260,2021-12-17,6.5,6.4,"99",NA,NA,"CAL",0,7.2,1039.5,1039.9,0,"0.0/6h",8,8,0.2,3.7,NA,NA,0,NA,NA
6260,2021-12-16 23:00:00,6.2,6.2,"100",NA,NA,"SSW",3.6,3.6,1039.7,1040.2,0.7,"0.0/1h",8,8,0.2,2.3,NA,NA,NA,NA,NA
6260,2021-12-16 22:00:00,5.8,5.8,"100",NA,NA,"CAL",0,3.6,1039.6,1040,0.6,"0.0/1h",8,8,0.2,2.5,NA,NA,NA,NA,NA
6260,2021-12-16 21:00:00,5.6,5.6,"100",NA,NA,"CAL",0,10.8,1039.5,1039.9,0.8,"0.0/1h",9,9,0,0,NA,NA,NA,NA,NA
6260,2021-12-16 20:00:00,5.6,5.5,"99",NA,NA,"SSE",7.2,10.8,1039.1,1039.5,0.7,"0.0/1h",8,8,0.1,0.2,NA,NA,NA,NA,NA
6260,2021-12-16 19:00:00,3.5,3.5,"100",NA,NA,"SE",7.2,10.8,1039,1039.4,1.1,"0.0/1h",7,7,2.5,0.1,NA,NA,NA,NA,NA
6260,2021-12-16 18:00:00,4.2,4.1,"99","11.8",NA,"CAL",0,10.8,1038.7,1039.1,1.2,"0.0/12h",7,7,2.5,0.2,NA,NA,NA,0,NA
6260,2021-12-16 17:00:00,5.2,5,"99",NA,NA,"NW",3.6,3.6,1038.4,1038.8,1.1,"0.0/1h",6,6,2.5,0.1,NA,NA,NA,NA,NA
6260,2021-12-16 16:00:00,6.8,6.7,"99",NA,NA,"W",3.6,10.8,1037.9,1038.3,0.9,"0.0/1h",6,6,2.5,0.7,NA,NA,NA,NA,NA
6260,2021-12-16 15:00:00,9.6,8.3,"92",NA,NA,"W",3.6,10.8,1037.5,1037.9,0.5,"0.0/1h",1,1,0.3,10,NA,NA,NA,NA,NA
6260,2021-12-16 14:00:00,11.1,8.7,"85",NA,NA,"WNW",7.2,10.8,1037.3,1037.7,0.1,"0.0/1h",8,8,2.5,14,NA,NA,NA,NA,NA
6260,2021-12-16 13:00:00,11.6,9.2,"85",NA,NA,"WNW",3.6,10.8,1037,1037.4,0,"0.0/1h",1,1,0.3,13,NA,NA,NA,NA,NA
6260,2021-12-16 12:00:00,10.8,8.9,"88",NA,NA,"W",7.2,14.4,1037.1,1037.4,0.1,"0.0/6h",1,1,0.2,13,NA,NA,0,NA,NA
6260,2021-12-16 11:00:00,10.1,8.9,"92",NA,NA,"SW",3.6,10.8,1037.2,1037.6,1.1,"0.0/1h",0,NA,NA,11,NA,NA,NA,NA,NA
6260,2021-12-16 10:00:00,6,5.9,"99",NA,NA,"SE",3.6,3.6,1037,1037.4,1.7,"0.0/1h",0,NA,NA,5,NA,NA,NA,NA,NA
6260,2021-12-16 09:00:00,4.2,4.1,"99",NA,NA,"CAL",0,7.2,1036.8,1037.3,2.2,"0.0/1h",0,NA,NA,0.9,NA,NA,NA,NA,NA
6260,2021-12-16 08:00:00,2.7,2.6,"99",NA,NA,"S",3.6,3.6,1036.1,1036.5,1.7,"0.0/1h",0,NA,NA,0.1,NA,NA,NA,NA,NA
6260,2021-12-16 07:00:00,3.1,3,"99",NA,NA,"S",3.6,10.8,1035.2,1035.7,1.3,"0.0/1h",0,NA,NA,0.1,NA,NA,NA,NA,NA
6260,2021-12-16 06:00:00,3.9,3.7,"99",NA,"3.9","S",3.6,14.4,1034.7,1035.1,0.6,"0.0/24h0.0/12h",4,4,0,0.1,NA,NA,NA,0,0
6260,2021-12-16 05:00:00,6.6,6.6,"100",NA,NA,"SW",7.2,14.4,1034.3,1034.8,0.5,"0.0/1h",9,9,0,0.3,NA,NA,NA,NA,NA
6260,2021-12-16 04:00:00,7,7,"100",NA,NA,"SW",10.8,14.4,1034,1034.4,0.6,"0.0/1h",9,9,0,0.3,NA,NA,NA,NA,NA
6260,2021-12-16 03:00:00,6.9,6.9,"100",NA,NA,"SW",7.2,10.8,1034.1,1034.5,0.9,"0.0/1h",2,2,0.6,1.4,NA,NA,NA,NA,NA
6260,2021-12-16 02:00:00,6,6,"100",NA,NA,"S",3.6,10.8,1033.8,1034.3,1,"0.0/1h",7,7,0.6,0.2,NA,NA,NA,NA,NA
6260,2021-12-16 01:00:00,7.4,7.4,"100",NA,NA,"SSW",7.2,10.8,1033.4,1033.8,0.8,"0.0/1h",9,9,0,0.3,NA,NA,NA,NA,NA
6260,2021-12-16,7.7,7.7,"100",NA,NA,"SSW",7.2,18,1033.2,1033.6,0.9,"0.0/6h",8,8,0,1.1,NA,NA,0,NA,NA
6260,2021-12-15 23:00:00,7.8,7.6,"99",NA,NA,"SW",7.2,14.4,1032.9,1033.3,0.9,"0.0/1h",6,6,0.1,2.5,NA,NA,NA,NA,NA
6260,2021-12-15 22:00:00,8.3,8.1,"99",NA,NA,"WSW",10.8,18,1032.6,1033,1.1,"0.0/1h",6,6,0.1,3.4,NA,NA,NA,NA,NA
6260,2021-12-15 21:00:00,8.7,8.3,"97",NA,NA,"SW",10.8,18,1032.3,1032.7,1,"0.0/1h",6,6,0.1,4.9,NA,NA,NA,NA,NA
6260,2021-12-15 20:00:00,9.3,8.1,"92",NA,NA,"SW",10.8,18,1032,1032.4,1.1,"0.0/1h",7,7,1,10,NA,NA,NA,NA,NA
6260,2021-12-15 19:00:00,10.1,8.5,"90",NA,NA,"WSW",10.8,18,1031.5,1031.9,0.9,"0.0/1h",8,8,1,13,NA,NA,NA,NA,NA
6260,2021-12-15 18:00:00,10.2,8.7,"90","11.0",NA,"SW",10.8,25.2,1031.3,1031.7,1.1,"0.0/12h",8,8,1,12,NA,NA,NA,0,NA
6260,2021-12-15 17:00:00,10.2,8.9,"92",NA,NA,"SW",10.8,21.6,1031,1031.3,1.1,"0.0/1h",8,8,1,10,NA,NA,NA,NA,NA
6260,2021-12-15 16:00:00,10.4,9.3,"93",NA,NA,"SW",10.8,18,1030.6,1031,0.9,"0.0/1h",8,8,0.6,9,NA,NA,NA,NA,NA
6260,2021-12-15 15:00:00,10.5,9,"90",NA,NA,"SW",14.4,21.6,1030.1,1030.6,0.4,"0.0/1h",8,8,0.6,11,NA,NA,NA,NA,NA
6260,2021-12-15 14:00:00,10.7,8.8,"88",NA,NA,"SW",7.2,18,1029.8,1030.2,NA,"0.0/1h",8,8,0.6,14,NA,NA,NA,NA,NA
6260,2021-12-15 13:00:00,10.9,8.6,"86",NA,NA,"WSW",14.4,21.6,1029.7,1030.1,NA,"0.0/1h",8,8,1,15,NA,NA,NA,NA,NA
6260,2021-12-15 12:00:00,10.8,9.1,"89",NA,NA,"SW",14.4,28.8,1029.9,1030.2,0.4,"0.0/6h",8,8,1,9,NA,NA,0,NA,NA
6260,2021-12-15 11:00:00,10.5,9.1,"91",NA,NA,"WSW",10.8,28.8,1030,1030.4,0.8,"0.0/1h",8,5,0.6,7,NA,NA,NA,NA,NA
6260,2021-12-15 10:00:00,10.4,9.5,"94",NA,NA,"SW",14.4,25.2,1029.8,1030.3,1,"0.0/1h",8,8,0.2,5,NA,NA,NA,NA,NA
6260,2021-12-15 09:00:00,10.1,9.4,"95",NA,NA,"SW",14.4,25.2,1029.4,1029.8,0.9,"0.0/1h",8,8,0.1,3.7,NA,NA,NA,NA,NA
6260,2021-12-15 08:00:00,9.9,9.3,"96",NA,NA,"SW",14.4,25.2,1029.1,1029.6,0.9,"0.0/1h",8,8,0.1,3.2,NA,NA,NA,NA,NA
6260,2021-12-15 07:00:00,9.8,9.2,"96",NA,NA,"SW",10.8,21.6,1028.8,1029.3,0.8,"0.0/1h",8,8,0.1,3,NA,NA,NA,NA,NA
6260,2021-12-15 06:00:00,9.7,9.2,"97",NA,"9.6","SSW",10.8,28.8,1028.4,1028.9,0.6,"0.7/24h0.1/12h",8,8,0.1,3.6,NA,NA,NA,0.1,0.7
6260,2021-12-15 05:00:00,9.7,9,"95",NA,NA,"SW",14.4,25.2,1028.4,1028.7,0.5,"0.0/1h",8,8,0.1,4,NA,NA,NA,NA,NA
6260,2021-12-15 04:00:00,9.7,8.9,"95",NA,NA,"SW",14.4,25.2,1028.1,1028.5,0.5,"0.0/1h",8,8,0.1,4.4,NA,NA,NA,NA,NA
6260,2021-12-15 03:00:00,9.6,8.9,"95",NA,NA,"SW",14.4,25.2,1027.9,1028.3,0.2,"0.0/1h",8,8,0.2,4.2,NA,NA,NA,NA,NA
6260,2021-12-15 02:00:00,9.6,9,"96",NA,NA,"SW",14.4,25.2,1027.8,1028.2,NA,"0.0/1h",8,8,0.1,4,NA,NA,NA,NA,NA
6260,2021-12-15 01:00:00,9.6,9.1,"97",NA,NA,"SSW",14.4,25.2,1027.6,1028,0.1,"0.0/1h",8,8,0.1,3.7,NA,NA,NA,NA,NA
6260,2021-12-15,9.7,9.3,"97",NA,NA,"SW",14.4,28.8,1027.8,1028.1,0.2,"0.1/6h",8,8,0.1,3.5,NA,NA,0.1,NA,NA
6260,2021-12-14 23:00:00,9.7,9.3,"97",NA,NA,"SW",14.4,28.8,1027.8,1028.2,0.5,"0.0/1h",8,8,0.1,3.6,NA,NA,NA,NA,NA
6260,2021-12-14 22:00:00,9.9,9.4,"97",NA,NA,"SW",14.4,25.2,1027.6,1027.9,0.4,"0.0/1h",8,8,0.1,4.3,NA,NA,NA,NA,NA
6260,2021-12-14 21:00:00,10,9.4,"96",NA,NA,"SW",14.4,28.8,1027.5,1027.9,0.5,"0.0/1h",8,8,0.1,3.6,NA,NA,NA,NA,NA
6260,2021-12-14 20:00:00,10,9.5,"97",NA,NA,"SW",14.4,25.2,1027.3,1027.7,0.7,"0.1/1h",8,8,0.1,3.6,NA,NA,NA,NA,NA
6260,2021-12-14 19:00:00,10,9.5,"97",NA,NA,"SW",14.4,25.2,1027.1,1027.5,0.6,"0.0/1h",8,8,0.2,2.9,NA,NA,NA,NA,NA
6260,2021-12-14 18:00:00,10,9.6,"97","10.0",NA,"SW",10.8,21.6,1026.9,1027.4,0.8,"0.6/12h",8,8,0.2,4.2,NA,NA,NA,0.6,NA
6260,2021-12-14 17:00:00,9.9,9.6,"98",NA,NA,"SW",10.8,18,1026.6,1027,0.6,"0.1/1h",8,8,0.1,3.4,NA,NA,NA,NA,NA
6260,2021-12-14 16:00:00,9.6,9.2,"97",NA,NA,"SW",10.8,18,1026.5,1026.9,0.5,"0.1/1h",8,8,0.1,3.5,NA,NA,NA,NA,NA
6260,2021-12-14 15:00:00,9.4,8.8,"96",NA,NA,"SW",10.8,25.2,1026.2,1026.6,NA,"0.1/1h",8,8,0.1,3.5,NA,NA,NA,NA,NA
6260,2021-12-14 14:00:00,9.2,8.8,"97",NA,NA,"SW",14.4,25.2,1026,1026.4,NA,"0.1/1h",8,8,0.1,2.4,NA,NA,NA,NA,NA
6260,2021-12-14 13:00:00,9,8.4,"96",NA,NA,"SW",14.4,25.2,1026.1,1026.4,NA,"0.0/1h",8,8,0.1,3.4,NA,NA,NA,NA,NA
6260,2021-12-14 12:00:00,8.9,8.2,"95",NA,NA,"SW",14.4,25.2,1026.2,1026.6,NA,"0.1/6h",8,8,0.2,2.7,NA,NA,0.1,NA,NA
6260,2021-12-14 11:00:00,8.9,8,"94",NA,NA,"SW",14.4,25.2,1026.5,1026.9,0.3,"0.0/1h",8,8,0.2,5,NA,NA,NA,NA,NA
6260,2021-12-14 10:00:00,8.2,7.6,"96",NA,NA,"SSW",14.4,21.6,1026.5,1026.8,0.7,"0.0/1h",8,8,0.2,2.3,NA,NA,NA,NA,NA
6260,2021-12-14 09:00:00,8.3,6.8,"90",NA,NA,"SW",10.8,21.6,1026.5,1026.9,1.1,"0.0/1h",8,8,0.2,8,NA,NA,NA,NA,NA
6260,2021-12-14 08:00:00,8.1,6.5,"90",NA,NA,"SSW",10.8,21.6,1026.1,1026.6,1.1,"0.0/1h",8,8,0.6,10,NA,NA,NA,NA,NA
6260,2021-12-14 07:00:00,8.1,6.5,"90",NA,NA,"SW",14.4,25.2,1025.7,1026.1,0.2,"0.0/1h",8,5,0.3,11,NA,NA,NA,NA,NA
6260,2021-12-14 06:00:00,8,6.5,"90",NA,"7.8","SW",14.4,25.2,1025.3,1025.8,0.3,"0.0/24h0.0/12h",8,6,0.6,10,NA,NA,NA,0,0
6260,2021-12-14 05:00:00,7.9,6.7,"92",NA,NA,"SSW",10.8,21.6,1025.1,1025.5,NA,"0.0/1h",8,8,1,7,NA,NA,NA,NA,NA
6260,2021-12-14 04:00:00,8.2,6.9,"92",NA,NA,"SW",14.4,25.2,1025.5,1025.9,NA,"0.0/1h",8,7,0.3,8,NA,NA,NA,NA,NA
6260,2021-12-14 03:00:00,8.2,7.1,"93",NA,NA,"SW",10.8,25.2,1025.1,1025.5,NA,"0.0/1h",8,8,1,8,NA,NA,NA,NA,NA
6260,2021-12-14 02:00:00,8.4,6.9,"90",NA,NA,"SW",10.8,21.6,1025.3,1025.7,NA,"0.0/1h",8,8,1,10,NA,NA,NA,NA,NA
6260,2021-12-14 01:00:00,8.6,7,"90",NA,NA,"SSW",14.4,21.6,1025.8,1026.1,NA,"0.0/1h",8,8,1,11,NA,NA,NA,NA,NA
6260,2021-12-14,8.7,7.1,"90",NA,NA,"S",10.8,25.2,1025.5,1026,NA,"0.0/6h",8,8,1,11,NA,NA,0,NA,NA
6260,2021-12-13 23:00:00,8.7,6.9,"88",NA,NA,"SSW",10.8,18,1025.9,1026.3,NA,"0.0/1h",8,8,0.6,17,NA,NA,NA,NA,NA
6260,2021-12-13 22:00:00,8.9,6.7,"86",NA,NA,"SSW",10.8,18,1025.9,1026.4,0.1,"0.0/1h",8,8,0.6,19,NA,NA,NA,NA,NA
6260,2021-12-13 21:00:00,9,6.6,"85",NA,NA,"SSW",10.8,25.2,1025.7,1026.1,0,"0.0/1h",8,8,1,24,NA,NA,NA,NA,NA
6260,2021-12-13 20:00:00,9.3,6.6,"83",NA,NA,"SW",10.8,21.6,1026,1026.3,0.1,"0.0/1h",8,8,1,28,NA,NA,NA,NA,NA
6260,2021-12-13 19:00:00,9.3,7,"86",NA,NA,"SSW",10.8,18,1025.9,1026.3,NA,"0.0/1h",8,8,1,28,NA,NA,NA,NA,NA
6260,2021-12-13 18:00:00,9.3,7.3,"87","10.3",NA,"S",10.8,21.6,1025.7,1026.1,NA,"0.0/12h",8,8,1,23,NA,NA,NA,0,NA
6260,2021-12-13 17:00:00,9.4,7.5,"88",NA,NA,"S",10.8,18,1025.8,1026.2,0.1,"0.0/1h",8,8,0.6,22,NA,NA,NA,NA,NA
6260,2021-12-13 16:00:00,9.6,7.4,"86",NA,NA,"SW",10.8,18,1025.8,1026.3,0.2,"0.0/1h",8,8,1,23,NA,NA,NA,NA,NA
6260,2021-12-13 15:00:00,9.7,7.7,"87",NA,NA,"S",10.8,21.6,1025.7,1026.2,0.1,"0.0/1h",8,8,1,22,NA,NA,NA,NA,NA
6260,2021-12-13 14:00:00,10.1,7.9,"86",NA,NA,"SSW",14.4,21.6,1025.6,1026.1,NA,"0.0/1h",8,8,1,19,NA,NA,NA,NA,NA
6260,2021-12-13 13:00:00,10.3,8,"86",NA,NA,"SSW",10.8,21.6,1025.7,1026.1,NA,"0.0/1h",8,8,1,18,NA,NA,NA,NA,NA
6260,2021-12-13 12:00:00,10.2,7.9,"86",NA,NA,"SSW",18,28.8,1025.7,1026.1,0.6,"0.0/6h",8,8,1,15,NA,NA,0,NA,NA
6260,2021-12-13 11:00:00,10.1,8.2,"88",NA,NA,"SSW",14.4,25.2,1025.9,1026.4,1,"0.0/1h",8,8,1,13,NA,NA,NA,NA,NA
6260,2021-12-13 10:00:00,10,8.1,"88",NA,NA,"SSW",14.4,28.8,1026,1026.5,1.5,"0.0/1h",8,8,1,12,NA,NA,NA,NA,NA
6260,2021-12-13 09:00:00,9.8,8,"89",NA,NA,"SSW",14.4,25.2,1025.2,1025.6,0.9,"0.0/1h",8,8,1,12,NA,NA,NA,NA,NA
6260,2021-12-13 08:00:00,9.7,8.1,"90",NA,NA,"S",14.4,21.6,1025,1025.4,0.8,"0.0/1h",8,8,1,10,NA,NA,NA,NA,NA
6260,2021-12-13 07:00:00,10,7.9,"87",NA,NA,"SSW",14.4,21.6,1024.6,1025,0.4,"0.0/1h",8,8,1,16,NA,NA,NA,NA,NA
6260,2021-12-13 06:00:00,9.9,8.3,"90",NA,"9.8","SSW",14.4,25.2,1024.3,1024.7,0.1,"1.9/24h0.5/12h",8,8,0.6,16,NA,NA,NA,0.5,1.9
6260,2021-12-13 05:00:00,9.9,8.5,"91",NA,NA,"SSW",10.8,21.6,1024.2,1024.6,NA,"0.0/1h",8,8,1,15,NA,NA,NA,NA,NA
6260,2021-12-13 04:00:00,10,8.7,"92",NA,NA,"SSW",14.4,21.6,1024.2,1024.6,0.4,"0.0/1h",8,8,1,14,NA,NA,NA,NA,NA
6260,2021-12-13 03:00:00,9.9,9,"94",NA,NA,"SSW",14.4,21.6,1024.2,1024.6,0.6,"0.0/1h",8,8,0.6,12,NA,NA,NA,NA,NA
6260,2021-12-13 02:00:00,10,9,"93",NA,NA,"SSW",10.8,18,1024.3,1024.7,0.8,"0.0/1h",8,8,1,26,NA,NA,NA,NA,NA
6260,2021-12-13 01:00:00,10.3,9.5,"95",NA,NA,"SW",14.4,25.2,1023.8,1024.2,0.5,"0.0/1h",8,7,0.6,12,NA,NA,NA,NA,NA
6260,2021-12-13,10.6,10,"96",NA,NA,"SW",14.4,32.4,1023.6,1024,0.5,"0.5/6h",8,7,0.2,8,NA,NA,0.5,NA,NA
6260,2021-12-12 23:00:00,10.7,10.2,"97",NA,NA,"SW",18,32.4,1023.6,1023.9,0.7,"0.2/1h",8,8,0.1,3.9,NA,NA,NA,NA,NA
6260,2021-12-12 22:00:00,10.7,10.3,"97",NA,NA,"SW",14.4,25.2,1023.3,1023.7,0.9,"0.2/1h",8,8,0.1,3.2,NA,NA,NA,NA,NA
6260,2021-12-12 21:00:00,10.9,10.3,"96",NA,NA,"SW",14.4,28.8,1023.1,1023.5,0.8,"0.0/1h",8,8,0.3,3.6,NA,NA,NA,NA,NA
6260,2021-12-12 20:00:00,11,10.4,"96",NA,NA,"SW",14.4,25.2,1022.8,1023.2,0.9,"0.0/1h",8,8,0.2,7,NA,NA,NA,NA,NA
6260,2021-12-12 19:00:00,10.8,10.4,"97",NA,NA,"SW",14.4,25.2,1022.4,1022.8,1,"0.0/1h",8,8,0.1,6,NA,NA,NA,NA,NA
6260,2021-12-12 18:00:00,10.8,10.3,"97","10.9",NA,"WSW",10.8,25.2,1022.3,1022.7,1.5,"1.0/12h",8,8,0.1,6,NA,NA,NA,1,NA
6260,2021-12-12 17:00:00,10.5,10.5,"100",NA,NA,"SW",10.8,21.6,1021.9,1022.3,1.5,"0.1/1h",8,8,0.1,2.7,NA,NA,NA,NA,NA
6260,2021-12-12 16:00:00,10.4,10.4,"100",NA,NA,"SW",10.8,18,1021.3,1021.8,1.3,"0.0/1h",8,8,0.1,3,NA,NA,NA,NA,NA
6260,2021-12-12 15:00:00,10.3,10.3,"100",NA,NA,"SW",10.8,25.2,1020.8,1021.2,1,"0.0/1h",8,8,0.1,2.3,NA,NA,NA,NA,NA
6260,2021-12-12 14:00:00,10.1,10,"99",NA,NA,"WSW",10.8,25.2,1020.4,1020.8,0.7,"0.0/1h",8,8,0.1,2.1,NA,NA,NA,NA,NA
6260,2021-12-12 13:00:00,9.9,9.8,"99",NA,NA,"SW",14.4,28.8,1020,1020.5,0.4,"0.0/1h",8,8,0.1,2.1,NA,NA,NA,NA,NA
6260,2021-12-12 12:00:00,9.6,9.5,"99",NA,NA,"SW",18,36,1019.8,1020.2,0.6,"1.0/6h",8,8,0.1,1.9,NA,NA,1,NA,NA
6260,2021-12-12 11:00:00,9.2,9,"99",NA,NA,"SW",18,28.8,1019.7,1020.1,1.1,"0.5/1h",8,8,0.1,4.4,NA,NA,NA,NA,NA
6260,2021-12-12 10:00:00,8.9,8.7,"99",NA,NA,"SW",18,36,1019.7,1020.1,1.5,"0.3/1h",8,8,0.1,1.7,NA,NA,NA,NA,NA
6260,2021-12-12 09:00:00,8.4,8.4,"100",NA,NA,"SSW",18,32.4,1019.2,1019.6,1.3,"0.2/1h",8,8,0.1,1.6,NA,NA,NA,NA,NA
6260,2021-12-12 08:00:00,8,7.9,"99",NA,NA,"SW",18,32.4,1018.6,1019,0.9,"0.1/1h",8,8,0.1,1.8,NA,NA,NA,NA,NA
6260,2021-12-12 07:00:00,7.5,7.2,"98",NA,NA,"SSW",18,28.8,1018.1,1018.6,0.4,"0.1/1h",8,8,0.1,2.1,NA,NA,NA,NA,NA
6260,2021-12-12 06:00:00,6.8,6.5,"98",NA,"4.8","SSW",21.6,32.4,1017.9,1018.3,NA,"2.0/24h2.0/12h",8,8,0.1,2.8,NA,NA,NA,2,2
6260,2021-12-12 05:00:00,6.3,6.1,"99",NA,NA,"SSW",18,28.8,1017.7,1018.1,NA,"0.1/1h",8,8,0.1,3,NA,NA,NA,NA,NA
6260,2021-12-12 04:00:00,5.9,5.5,"97",NA,NA,"S",14.4,32.4,1017.8,1018.2,NA,"0.5/1h",8,8,0.1,3.2,NA,NA,NA,NA,NA
6260,2021-12-12 03:00:00,5.5,5,"97",NA,NA,"S",18,36,1018,1018.3,NA,"0.4/1h",8,8,0.1,3.6,NA,NA,NA,NA,NA
6260,2021-12-12 02:00:00,5.5,4.5,"93",NA,NA,"S",18,28.8,1018.3,1018.8,NA,"0.4/1h",8,8,0.6,13,NA,NA,NA,NA,NA
6260,2021-12-12 01:00:00,5.5,4.4,"93",NA,NA,"S",18,32.4,1018.3,1018.7,NA,"0.5/1h",8,8,1,12,NA,NA,NA,NA,NA
6260,2021-12-12,5.3,4.1,"92",NA,NA,"S",14.4,28.8,1018.9,1019.2,NA,"0.0/6h",8,8,1.5,11,NA,NA,0,NA,NA
6260,2021-12-11 23:00:00,5.1,3.8,"91",NA,NA,"S",14.4,25.2,1019.3,1019.6,0,"0.0/1h",8,8,1.5,11,NA,NA,NA,NA,NA
6260,2021-12-11 22:00:00,4.9,3.6,"91",NA,NA,"S",14.4,21.6,1019.2,1019.7,0.5,"0.0/1h",8,8,2,10,NA,NA,NA,NA,NA
6260,2021-12-11 21:00:00,4.9,3.7,"92",NA,NA,"S",10.8,25.2,1019.1,1019.5,0.4,"0.0/1h",8,8,2.5,10,NA,NA,NA,NA,NA
6260,2021-12-11 20:00:00,4.9,3.7,"92",NA,NA,"SSW",14.4,25.2,1019.1,1019.6,1.2,"0.0/1h",8,8,2.5,10,NA,NA,NA,NA,NA
6260,2021-12-11 19:00:00,5.2,3.8,"91",NA,NA,"SSW",14.4,21.6,1018.8,1019.2,1.3,"0.0/1h",8,8,2.5,14,NA,NA,NA,NA,NA
6260,2021-12-11 18:00:00,5.3,3.7,"89","8.6",NA,"SW",10.8,18,1018.7,1019.1,1.7,"0.0/12h",8,8,2.5,18,NA,NA,NA,0,NA
6260,2021-12-11 17:00:00,5.2,3.8,"91",NA,NA,"SSW",10.8,14.4,1018.1,1018.4,1.7,"0.0/1h",8,8,2.5,18,NA,NA,NA,NA,NA
6260,2021-12-11 16:00:00,5.9,3.8,"86",NA,NA,"SW",7.2,14.4,1017.5,1017.9,1.5,"0.0/1h",8,8,2.5,20,NA,NA,NA,NA,NA
6260,2021-12-11 15:00:00,7.2,4.4,"82",NA,NA,"W",10.8,25.2,1017,1017.4,1.5,"0.0/1h",8,8,2.5,21,NA,NA,NA,NA,NA
6260,2021-12-11 14:00:00,8.3,5.4,"82",NA,NA,"WSW",10.8,18,1016.2,1016.7,1.4,"0.0/1h",8,5,0.6,21,NA,NA,NA,NA,NA
6260,2021-12-11 13:00:00,7.8,4.8,"81",NA,NA,"WSW",10.8,14.4,1016,1016.4,1.7,"0.0/1h",5,5,2.5,15,NA,NA,NA,NA,NA
6260,2021-12-11 12:00:00,7.2,4.3,"82",NA,NA,"NW",3.6,10.8,1015.4,1015.9,2.2,"0.0/6h",8,8,1,17,NA,NA,0,NA,NA
6260,2021-12-11 11:00:00,6.2,4.3,"88",NA,NA,"WSW",7.2,10.8,1014.9,1015.3,3,"0.0/1h",0,NA,NA,8,NA,NA,NA,NA,NA
6260,2021-12-11 10:00:00,4.3,3.5,"95",NA,NA,"W",3.6,7.2,1014.2,1014.7,4.2,"0.0/1h",1,1,2.5,4.1,NA,NA,NA,NA,NA
6260,2021-12-11 09:00:00,2.9,2.8,"99",NA,NA,"NW",7.2,10.8,1013.2,1013.7,4.3,"0.0/1h",8,8,0.1,2.2,NA,NA,NA,NA,NA
6260,2021-12-11 08:00:00,2.7,2.5,"99",NA,NA,"NNE",7.2,10.8,1011.7,1012.3,3.1,"0.0/1h",7,7,0.2,2.2,NA,NA,NA,NA,NA
6260,2021-12-11 07:00:00,4.1,3.7,"97",NA,NA,"N",7.2,18,1010,1010.5,1.7,"0.0/1h",8,5,0.3,4.9,NA,NA,NA,NA,NA
6260,2021-12-11 06:00:00,3.3,3.1,"99",NA,"-1.2","S",10.8,14.4,1009,1009.4,1.1,"1.1/24h1.0/12h",8,8,0.3,3.6,NA,NA,NA,1,1.1
6260,2021-12-11 05:00:00,2.1,2,"99",NA,NA,"SSE",7.2,10.8,1008.8,1009.2,1.8,"0.4/1h",8,6,0.6,3.6,NA,NA,NA,NA,NA
6260,2021-12-11 04:00:00,0.7,0.6,"99",NA,NA,"SSE",7.2,10.8,1008.4,1008.8,2.6,"0.3/1h",8,8,0.6,2.9,NA,NA,NA,NA,NA
6260,2021-12-11 03:00:00,-0.1,-0.2,"99",NA,NA,"SE",3.6,7.2,1007.8,1008.3,3,"0.0/1h",8,8,1,5,NA,NA,NA,NA,NA
6260,2021-12-11 02:00:00,-0.5,-0.7,"99",NA,NA,"ENE",3.6,3.6,1006.9,1007.4,3.2,"0.0/1h",8,8,1.5,6,NA,NA,NA,NA,NA
6260,2021-12-11 01:00:00,-0.6,-0.9,"98",NA,NA,"WNW",3.6,10.8,1005.7,1006.2,3.1,"0.0/1h",8,8,0.6,5,NA,NA,NA,NA,NA
6260,2021-12-11,-1,-1.2,"99",NA,NA,"WNW",3.6,10.8,1004.8,1005.3,3.3,"0.0/6h",8,8,2.5,3.9,NA,NA,0,NA,NA
6260,2021-12-10 23:00:00,-0.8,-0.9,"99",NA,NA,"NW",3.6,10.8,1003.7,1004.2,3.7,"0.0/1h",8,8,2.5,0.7,NA,NA,NA,NA,NA
6260,2021-12-10 22:00:00,-0.2,-0.4,"99",NA,NA,"WNW",7.2,10.8,1002.6,1003.1,3.6,"0.0/1h",8,8,2.5,3.5,NA,NA,NA,NA,NA
6260,2021-12-10 21:00:00,1.2,0.9,"98",NA,NA,"WNW",7.2,10.8,1001.5,1002,3.7,"0.0/1h",8,8,2.5,6,NA,NA,NA,NA,NA
6260,2021-12-10 20:00:00,1.9,1.4,"96",NA,NA,"NNW",3.6,10.8,1000,1000.5,3.4,"0.0/1h",8,8,2.5,9,NA,NA,NA,NA,NA
6260,2021-12-10 19:00:00,3.5,2.1,"91",NA,NA,"NW",7.2,10.8,999.1,999.5,3.6,"0.0/1h",8,8,0.6,20,NA,NA,NA,NA,NA
6260,2021-12-10 18:00:00,4,1.7,"85","4.8",NA,"N",7.2,14.4,997.9,998.3,3.8,"0.0/12h",8,8,0.6,20,NA,NA,NA,0,NA
6260,2021-12-10 17:00:00,4.1,1.7,"84",NA,NA,"N",7.2,10.8,996.6,997.1,3.5,"0.0/1h",8,8,0.6,24,NA,NA,NA,NA,NA
6260,2021-12-10 16:00:00,4.2,1.8,"84",NA,NA,"NNE",7.2,10.8,995.4,995.9,3.1,"0.0/1h",8,8,0.6,30,NA,NA,NA,NA,NA
6260,2021-12-10 15:00:00,4.3,1.8,"84",NA,NA,"NE",7.2,10.8,994,994.5,2.3,"0.0/1h",8,8,0.3,28,NA,NA,NA,NA,NA
6260,2021-12-10 14:00:00,4.8,1.7,"80",NA,NA,"ENE",7.2,10.8,993.1,993.6,1.6,"0.0/1h",8,8,0.6,35,NA,NA,NA,NA,NA
6260,2021-12-10 13:00:00,4.6,2,"83",NA,NA,"ESE",7.2,14.4,992.3,992.8,0.9,"0.0/1h",8,8,0.6,35,NA,NA,NA,NA,NA
6260,2021-12-10 12:00:00,4.2,1.7,"84",NA,NA,"ESE",18,36,991.8,992.2,0.8,"0.0/6h",8,8,0.3,29,NA,NA,0,NA,NA
6260,2021-12-10 11:00:00,4.1,1.5,"83",NA,NA,"ESE",14.4,25.2,991.6,992,0.8,"0.0/1h",8,8,0.6,30,NA,NA,NA,NA,NA
6260,2021-12-10 10:00:00,3.7,1.4,"85",NA,NA,"SE",18,36,991.5,991.9,1,"0.0/1h",8,6,0.3,12,NA,NA,NA,NA,NA
6260,2021-12-10 09:00:00,3.8,1.2,"83",NA,NA,"ESE",21.6,32.4,991,991.4,0.4,"0.0/1h",8,8,0.6,30,NA,NA,NA,NA,NA
6260,2021-12-10 08:00:00,3.6,0.9,"82",NA,NA,"SE",18,32.4,990.8,991.2,NA,"0.0/1h",8,8,0.6,30,NA,NA,NA,NA,NA
6260,2021-12-10 07:00:00,3.5,1,"84",NA,NA,"SE",21.6,32.4,990.5,990.9,NA,"0.0/1h",8,8,1,29,NA,NA,NA,NA,NA
6260,2021-12-10 06:00:00,3.4,1.2,"85",NA,"2.5","SE",21.6,36,990.6,991,NA,"0.2/24h0.2/12h",7,7,1,22,NA,NA,NA,0.2,0.2
6260,2021-12-10 05:00:00,3.4,1,"84",NA,NA,"SE",18,32.4,991.3,991.6,NA,"0.0/1h",8,8,0.3,26,NA,NA,NA,NA,NA
6260,2021-12-10 04:00:00,3.3,1.1,"85",NA,NA,"SE",18,36,992.2,992.5,NA,"0.0/1h",8,8,0.6,30,NA,NA,NA,NA,NA
6260,2021-12-10 03:00:00,2.7,1.2,"90",NA,NA,"SE",14.4,28.8,993.3,993.6,NA,"0.0/1h",8,8,2.5,19,NA,NA,NA,NA,NA
6260,2021-12-10 02:00:00,2.7,1.3,"90",NA,NA,"SE",14.4,28.8,994.5,994.8,NA,"0.0/1h",8,8,2.5,14,NA,NA,NA,NA,NA
6260,2021-12-10 01:00:00,3.3,1.9,"91",NA,NA,"SSE",18,36,995.7,996,NA,"0.0/1h",8,8,0.2,12,NA,NA,NA,NA,NA
6260,2021-12-10,3,2.1,"94",NA,NA,"SSE",14.4,32.4,996.7,997,NA,"0.0/6h",8,6,0.3,12,NA,NA,0,NA,NA
6260,2021-12-09 23:00:00,3.8,2.8,"93",NA,NA,"SSE",10.8,21.6,997.7,998.1,NA,"0.0/1h",7,7,1,12,NA,NA,NA,NA,NA
6260,2021-12-09 22:00:00,4.2,3.2,"93",NA,NA,"S",18,32.4,998.8,999.1,NA,"0.0/1h",7,7,0.2,10,NA,NA,NA,NA,NA
6260,2021-12-09 21:00:00,4,3.3,"95",NA,NA,"S",10.8,21.6,999.5,999.9,NA,"0.0/1h",7,7,0.2,6,NA,NA,NA,NA,NA
6260,2021-12-09 20:00:00,4.2,3.2,"93",NA,NA,"S",10.8,21.6,1000.2,1000.5,NA,"0.0/1h",3,3,0.2,8,NA,NA,NA,NA,NA
6260,2021-12-09 19:00:00,5.1,4,"93",NA,NA,"S",14.4,21.6,1000.9,1001.2,NA,"0.0/1h",7,7,1.5,9,NA,NA,NA,NA,NA
6260,2021-12-09 18:00:00,5.2,4.1,"93","5.4",NA,"S",14.4,21.6,1001.2,1001.6,NA,"0.0/12h",8,6,0.3,10,NA,NA,NA,0,NA
6260,2021-12-09 17:00:00,5.3,4.2,"93",NA,NA,"S",14.4,21.6,1001.2,1001.6,NA,"0.0/1h",8,8,0.3,9,NA,NA,NA,NA,NA
6260,2021-12-09 16:00:00,5.3,4.3,"93",NA,NA,"S",10.8,18,1001.4,1001.8,NA,"0.0/1h",8,8,0.2,9,NA,NA,NA,NA,NA
6260,2021-12-09 15:00:00,5.3,4.2,"93",NA,NA,"SSW",14.4,25.2,1001.5,1001.9,NA,"0.0/1h",8,8,0.2,10,NA,NA,NA,NA,NA
6260,2021-12-09 14:00:00,5.4,3.9,"90",NA,NA,"SSW",14.4,25.2,1001.5,1001.9,NA,"0.0/1h",8,8,0.3,11,NA,NA,NA,NA,NA
6260,2021-12-09 13:00:00,5.3,3.6,"89",NA,NA,"SSW",18,28.8,1001.6,1002,NA,"0.0/1h",8,8,0.2,12,NA,NA,NA,NA,NA
6260,2021-12-09 12:00:00,4.9,3.1,"88",NA,NA,"SSW",14.4,28.8,1001.6,1002,NA,"0.0/6h",8,8,0.2,13,NA,NA,0,NA,NA
6260,2021-12-09 11:00:00,4.4,2.8,"89",NA,NA,"S",14.4,28.8,1002.1,1002.4,0.2,"0.0/1h",8,8,0.2,11,NA,NA,NA,NA,NA
6260,2021-12-09 10:00:00,3.9,2.4,"90",NA,NA,"S",14.4,21.6,1002.2,1002.6,0.8,"0.0/1h",8,8,0.2,15,NA,NA,NA,NA,NA
6260,2021-12-09 09:00:00,2.3,1.1,"92",NA,NA,"S",14.4,25.2,1002.1,1002.5,0.8,"0.0/1h",8,8,0.3,22,NA,NA,NA,NA,NA
6260,2021-12-09 08:00:00,1.7,0.5,"92",NA,NA,"S",14.4,25.2,1001.8,1002.2,0.8,"0.0/1h",7,7,2.5,19,NA,NA,NA,NA,NA
6260,2021-12-09 07:00:00,1.8,0.5,"91",NA,NA,"S",14.4,25.2,1001.4,1001.8,0.5,"0.0/1h",6,6,2.5,22,NA,NA,NA,NA,NA
6260,2021-12-09 06:00:00,1.8,0.5,"91",NA,"1.3","S",14.4,28.8,1001.3,1001.7,0.6,"0.0/12h",0,NA,NA,22,NA,NA,NA,0,NA
6260,2021-12-09 05:00:00,1.8,0.5,"91",NA,NA,"S",10.8,21.6,1001.1,1001.4,0.5,"0.0/1h",0,NA,NA,20,NA,NA,NA,NA,NA
6260,2021-12-09 04:00:00,2.2,0.8,"90",NA,NA,"S",18,21.6,1000.9,1001.3,0.3,"0.0/1h",0,NA,NA,21,NA,NA,NA,NA,NA
6260,2021-12-09 03:00:00,1.4,0.5,"94",NA,NA,"SSE",10.8,21.6,1000.6,1001.1,0.4,"0.0/1h",0,NA,NA,17,NA,NA,NA,NA,NA
6260,2021-12-09 02:00:00,2.5,1.1,"90",NA,NA,"S",10.8,21.6,1000.6,1000.9,0.4,"0.0/1h",3,3,0.6,23,NA,NA,NA,NA,NA
6260,2021-12-09 01:00:00,1.7,0.6,"92",NA,NA,"SSE",10.8,18,1000.6,1001,0.9,"0.0/1h",0,NA,NA,17,NA,NA,NA,NA,NA
6260,2021-12-09,2.6,1.1,"90",NA,NA,"S",14.4,25.2,1000.3,1000.7,0.9,"0.0/6h",0,NA,NA,23,NA,NA,0,NA,NA
6260,2021-12-08 23:00:00,2.7,1.2,"90",NA,NA,"S",14.4,21.6,1000,1000.5,1.2,"0.0/1h",0,NA,NA,24,NA,NA,NA,NA,NA
6260,2021-12-08 22:00:00,2.2,0.9,"91",NA,NA,"SSE",10.8,14.4,999.7,1000.1,1.2,"0.0/1h",0,NA,NA,25,NA,NA,NA,NA,NA
6260,2021-12-08 21:00:00,2.7,1.1,"89",NA,NA,"SSE",14.4,25.2,999.3,999.8,1.5,"0.0/1h",0,NA,NA,30,NA,NA,NA,NA,NA
6260,2021-12-08 20:00:00,3.7,1.5,"86",NA,NA,"S",10.8,25.2,998.9,999.3,1.4,"0.0/1h",0,NA,NA,30,NA,NA,NA,NA,NA
6260,2021-12-08 19:00:00,4.4,1.6,"82",NA,NA,"S",14.4,25.2,998.4,998.9,1.2,"0.0/1h",0,NA,NA,40,NA,NA,NA,NA,NA
6260,2021-12-08 18:00:00,4.6,1.6,"81","7.0",NA,"S",14.4,32.4,997.9,998.3,1.3,"0.0/1h",0,NA,NA,45,NA,NA,NA,NA,NA
6260,2021-12-08 17:00:00,4.9,1.7,"80",NA,NA,"S",18,28.8,997.5,997.9,1.6,"0.0/1h",0,NA,NA,45,NA,NA,NA,NA,NA
6260,2021-12-08 16:00:00,5.3,2,"79",NA,NA,"S",18,28.8,997.2,997.7,1.9,"0.0/1h",0,NA,NA,45,NA,NA,NA,NA,NA
6260,2021-12-08 15:00:00,6.3,2.5,"77",NA,NA,"S",18,32.4,996.5,997,1.9,"0.0/1h",7,7,0.6,40,NA,NA,NA,NA,NA
6260,2021-12-08 14:00:00,6.5,2.7,"77",NA,NA,"S",18,32.4,995.9,996.3,1.5,"0.0/1h",8,8,0.6,40,NA,NA,NA,NA,NA
6260,2021-12-08 13:00:00,6.9,2.7,"75",NA,NA,"S",21.6,36,995.4,995.8,1.2,"0.0/1h",4,4,0.6,40,NA,NA,NA,NA,NA
6260,2021-12-08 12:00:00,6.4,2.3,"75",NA,NA,"SSW",21.6,43.2,994.7,995.1,0.9,"0.0/1h",1,1,0.3,35,NA,NA,NA,NA,NA
6260,2021-12-08 11:00:00,6.5,2.7,"77",NA,NA,"SSW",21.6,43.2,994.3,994.8,0.7,"0.0/1h",8,8,0.3,30,NA,NA,NA,NA,NA
6260,2021-12-08 10:00:00,5.8,2.3,"78",NA,NA,"S",25.2,36,994.1,994.6,1,NA,NA,NA,NA,30,NA,NA,NA,NA,NA
6260,2021-12-08 09:00:00,5.1,2.2,"82",NA,NA,"S",21.6,32.4,993.8,994.2,1.5,"0.0/1h",0,NA,NA,35,NA,NA,NA,NA,NA
6260,2021-12-08 08:00:00,4.7,2.1,"83",NA,NA,"S",18,32.4,993.7,994.1,1.7,"0.0/1h",4,4,1.5,30,NA,NA,NA,NA,NA
6260,2021-12-08 07:00:00,4.9,2.4,"84",NA,NA,"S",18,32.4,993,993.6,1.6,"0.0/1h",1,1,0.6,35,NA,NA,NA,NA,NA
6260,2021-12-08 06:00:00,5.6,2.9,"83",NA,"4.0","S",18,39.6,992.3,992.7,1.1,"3.8/24h4.0/12h",1,1,0.3,40,NA,NA,NA,4,3.8
6260,2021-12-08 05:00:00,6.5,4.1,"85",NA,NA,"S",18,32.4,992,992.4,1.2,"0.0/1h",8,8,0.6,35,NA,NA,NA,NA,NA
6260,2021-12-08 04:00:00,6.4,4.8,"89",NA,NA,"S",18,32.4,991.5,992,1.3,"0.0/1h",8,6,1,30,NA,NA,NA,NA,NA
6260,2021-12-08 03:00:00,6.3,5.4,"94",NA,NA,"S",18,39.6,991.2,991.6,1,"0.1/1h",8,6,0.6,27,NA,NA,NA,NA,NA
6260,2021-12-08 02:00:00,5.8,5.3,"97",NA,NA,"S",18,39.6,990.7,991.2,NA,"0.0/1h",8,6,0.3,10,NA,NA,NA,NA,NA
6260,2021-12-08 01:00:00,4.9,4.4,"97",NA,NA,"S",18,39.6,990.3,990.7,NA,"0.1/1h",8,7,0.2,24,NA,NA,NA,NA,NA
6260,2021-12-08,4.6,3.5,"93",NA,NA,"SSE",25.2,54,990.3,990.6,NA,"4.0/6h",8,6,0.3,10,NA,NA,4,NA,NA
6260,2021-12-07 23:00:00,4.5,2.9,"89",NA,NA,"SE",25.2,46.8,991.4,991.8,NA,"0.4/1h",8,7,0.6,13,NA,NA,NA,NA,NA
6260,2021-12-07 22:00:00,4.3,2.6,"89",NA,NA,"SE",25.2,46.8,991.6,991.8,NA,"1.0/1h",8,8,1,7,NA,NA,NA,NA,NA
6260,2021-12-07 21:00:00,4.1,2.2,"87",NA,NA,"SE",28.8,54,993.6,993.7,NA,"1.0/1h",7,7,1,9,NA,NA,NA,NA,NA
6260,2021-12-07 20:00:00,4.4,1.1,"79",NA,NA,"SE",28.8,43.2,994.5,994.7,NA,"0.0/1h",8,8,1.5,22,NA,NA,NA,NA,NA
6260,2021-12-07 19:00:00,4.6,0.9,"77",NA,NA,"SE",25.2,46.8,996.3,996.6,NA,"0.0/1h",8,8,2.5,35,NA,NA,NA,NA,NA
6260,2021-12-07 18:00:00,4.4,1.2,"80","6.0",NA,"SE",28.8,46.8,998.1,998.4,NA,"0.0/12h",8,8,2.5,40,NA,NA,NA,0,NA
6260,2021-12-07 17:00:00,4.8,1.7,"80",NA,NA,"SE",25.2,43.2,999.8,1000,NA,"0.0/1h",8,8,2.5,30,NA,NA,NA,NA,NA
6260,2021-12-07 16:00:00,4.5,2,"84",NA,NA,"SSE",21.6,32.4,1002,1002.3,NA,"0.0/1h",8,8,2.5,27,NA,NA,NA,NA,NA
6260,2021-12-07 15:00:00,4.5,1.8,"83",NA,NA,"SSE",18,32.4,1003.3,1003.7,NA,"0.0/1h",8,8,2.5,21,NA,NA,NA,NA,NA
6260,2021-12-07 14:00:00,4.7,2,"83",NA,NA,"SSE",18,28.8,1004.2,1004.6,NA,"0.0/1h",8,8,2.5,23,NA,NA,NA,NA,NA
6260,2021-12-07 13:00:00,5.4,2.2,"80",NA,NA,"S",18,28.8,1005.7,1006,NA,"0.0/1h",8,8,2.5,25,NA,NA,NA,NA,NA
6260,2021-12-07 12:00:00,5.8,2.9,"82",NA,NA,"S",14.4,28.8,1006.8,1007.1,NA,"0.0/6h",8,8,2.5,15,NA,NA,0,NA,NA
6260,2021-12-07 11:00:00,5.3,3,"85",NA,NA,"S",14.4,21.6,1007.6,1007.8,NA,"0.0/1h",8,8,2.5,13,NA,NA,NA,NA,NA
6260,2021-12-07 10:00:00,4.5,2.6,"87",NA,NA,"SSW",14.4,25.2,1008.2,1008.6,0.2,"0.0/1h",5,5,2.5,13,NA,NA,NA,NA,NA
6260,2021-12-07 09:00:00,3.4,1.9,"90",NA,NA,"SSW",10.8,21.6,1008.1,1008.5,0.3,"0.0/1h",7,7,2.5,19,NA,NA,NA,NA,NA
6260,2021-12-07 08:00:00,1.9,1.7,"99",NA,NA,"SSW",7.2,10.8,1007.9,1008.3,1,"0.0/1h",5,5,2.5,17,NA,NA,NA,NA,NA
6260,2021-12-07 07:00:00,2.1,1.3,"94",NA,NA,"SW",10.8,14.4,1007.9,1008.4,1.6,"0.0/1h",0,NA,NA,18,NA,NA,NA,NA,NA
6260,2021-12-07 06:00:00,3.3,1.7,"89",NA,"0.5","W",7.2,32.4,1007.7,1008.2,2,"8.8/24h9.0/12h",0,NA,NA,20,NA,NA,NA,9,8.8
6260,2021-12-07 05:00:00,3.3,2,"91",NA,NA,"WSW",10.8,18,1006.8,1007.3,1.9,"0.0/1h",0,NA,NA,18,NA,NA,NA,NA,NA
6260,2021-12-07 04:00:00,4.3,2.8,"90",NA,NA,"W",7.2,18,1006.4,1006.8,1.9,"0.1/1h",7,6,0.6,17,NA,NA,NA,NA,NA
6260,2021-12-07 03:00:00,5.1,2.2,"82",NA,NA,"W",18,32.4,1005.8,1006.2,2,"0.1/1h",7,6,0.6,30,NA,NA,NA,NA,NA
6260,2021-12-07 02:00:00,1,0.8,"99",NA,NA,"SW",3.6,10.8,1005,1005.4,1.6,"0.4/1h",8,8,2.5,4.5,NA,NA,NA,NA,NA
6260,2021-12-07 01:00:00,0.8,0.8,"100",NA,NA,"S",7.2,10.8,1004.4,1004.9,1.4,"0.6/1h",8,6,0.6,4.9,NA,NA,NA,NA,NA
6260,2021-12-07,0.7,0.5,"99",NA,NA,"S",10.8,32.4,1003.8,1004.2,0.3,"7.0/6h",8,8,0.2,8,NA,NA,7,NA,NA
6260,2021-12-06 23:00:00,1,0.6,"97",NA,NA,"S",14.4,21.6,1003.3,1003.8,NA,"0.2/1h",8,7,0.1,6,NA,NA,NA,NA,NA
6260,2021-12-06 22:00:00,1.1,0.7,"97",NA,NA,"S",14.4,28.8,1003.1,1003.5,NA,"2.0/1h",8,7,0.2,5,NA,NA,NA,NA,NA
6260,2021-12-06 21:00:00,2,1.2,"94",NA,NA,"S",18,36,1003.5,1003.9,NA,"2.0/1h",8,8,0.2,6,NA,NA,NA,NA,NA
6260,2021-12-06 20:00:00,2.5,1.3,"92",NA,NA,"S",18,36,1004.4,1004.7,NA,"1.0/1h",8,8,0.3,7,NA,NA,NA,NA,NA
6260,2021-12-06 19:00:00,3.1,1.6,"90",NA,NA,"S",21.6,36,1005.3,1005.7,NA,"1.0/1h",8,8,0.3,7,NA,NA,NA,NA,NA
6260,2021-12-06 18:00:00,3.8,1.6,"86","3.9",NA,"SSE",18,28.8,1006.3,1006.7,NA,"0.2/12h",8,6,0.6,10,NA,NA,NA,0.2,NA
6260,2021-12-06 17:00:00,3.2,1.9,"91",NA,NA,"SSE",18,28.8,1007.1,1007.5,NA,"0.0/1h",7,7,2.5,8,NA,NA,NA,NA,NA
6260,2021-12-06 16:00:00,2.4,1.4,"93",NA,NA,"SSE",10.8,25.2,1008.2,1008.6,NA,"0.0/1h",8,8,2.5,6,NA,NA,NA,NA,NA
6260,2021-12-06 15:00:00,2.5,1.2,"91",NA,NA,"SSE",14.4,28.8,1009,1009.3,NA,"0.0/1h",8,8,2.5,7,NA,NA,NA,NA,NA
6260,2021-12-06 14:00:00,3.1,1.6,"90",NA,NA,"SSE",14.4,28.8,1009.8,1010.2,NA,"0.0/1h",8,6,0.3,7,NA,NA,NA,NA,NA
6260,2021-12-06 13:00:00,3.6,1.7,"87",NA,NA,"SSE",14.4,25.2,1011.1,1011.5,NA,"0.0/1h",8,8,0.3,8,NA,NA,NA,NA,NA
6260,2021-12-06 12:00:00,3.9,1.7,"86",NA,NA,"S",14.4,25.2,1012.1,1012.3,NA,"0.0/6h",8,8,0.3,7,NA,NA,0,NA,NA
6260,2021-12-06 11:00:00,3.4,2.5,"94",NA,NA,"S",18,25.2,1013.1,1013.4,NA,"0.0/1h",8,8,0.1,3.3,NA,NA,NA,NA,NA
6260,2021-12-06 10:00:00,3.6,3,"96",NA,NA,"S",10.8,18,1013.9,1014.2,0,"0.0/1h",8,8,0.1,2.6,NA,NA,NA,NA,NA
6260,2021-12-06 09:00:00,3.6,2.8,"95",NA,NA,"S",14.4,21.6,1014,1014.4,0.6,"0.0/1h",8,8,0.1,3.9,NA,NA,NA,NA,NA
6260,2021-12-06 08:00:00,3.5,2.7,"94",NA,NA,"SSE",14.4,18,1013.6,1014,0.3,"0.0/1h",8,8,0.1,4.3,NA,NA,NA,NA,NA
6260,2021-12-06 07:00:00,3.6,3,"96",NA,NA,"SSE",7.2,18,1013.8,1014.2,0.6,"0.0/1h",8,8,0.1,3.6,NA,NA,NA,NA,NA
6260,2021-12-06 06:00:00,3.6,2.9,"95",NA,"3.1","SSE",7.2,10.8,1013.4,1013.8,0.4,"0.0/24h0.0/12h",8,8,0.1,3.2,NA,NA,NA,0,0
6260,2021-12-06 05:00:00,3.7,3.3,"97",NA,NA,"E",7.2,10.8,1013.2,1013.7,0.6,"0.0/1h",8,8,0.1,2.8,NA,NA,NA,NA,NA
6260,2021-12-06 04:00:00,3.8,3.4,"97",NA,NA,"NE",3.6,10.8,1013.2,1013.6,1,"0.0/1h",8,8,0.2,3.2,NA,NA,NA,NA,NA
6260,2021-12-06 03:00:00,3.8,3.3,"97",NA,NA,"N",3.6,10.8,1013.1,1013.4,1.5,"0.0/1h",8,8,0.1,4.1,NA,NA,NA,NA,NA
6260,2021-12-06 02:00:00,3.8,3.3,"97",NA,NA,"N",7.2,10.8,1012.7,1013.1,1.7,"0.0/1h",8,8,0.1,4.3,NA,NA,NA,NA,NA
6260,2021-12-06 01:00:00,3.5,2.8,"95",NA,NA,"NNE",10.8,14.4,1012.2,1012.6,1.8,"0.0/1h",8,7,1,5,NA,NA,NA,NA,NA
6260,2021-12-06,3.6,2.8,"95",NA,NA,"NE",10.8,14.4,1011.4,1011.9,1.6,"0.0/6h",8,8,1.5,6,NA,NA,0,NA,NA
6260,2021-12-05 23:00:00,3.9,3.1,"95",NA,NA,"NNE",7.2,14.4,1010.9,1011.4,2,"0.0/1h",8,8,1,6,NA,NA,NA,NA,NA
6260,2021-12-05 22:00:00,4.1,3.3,"95",NA,NA,"NE",7.2,10.8,1010.4,1010.8,2.2,"0.0/1h",8,8,0.6,5,NA,NA,NA,NA,NA
6260,2021-12-05 21:00:00,4.2,3.2,"93",NA,NA,"NNE",7.2,14.4,1009.9,1010.3,2.9,"0.0/1h",8,7,1,7,NA,NA,NA,NA,NA
6260,2021-12-05 20:00:00,4.1,3.3,"95",NA,NA,"NE",7.2,14.4,1008.9,1009.4,2.8,"0.0/1h",8,7,0.6,8,NA,NA,NA,NA,NA
6260,2021-12-05 19:00:00,4.2,3.3,"94",NA,NA,"NE",7.2,10.8,1008.1,1008.6,3.3,"0.0/1h",8,8,0.6,9,NA,NA,NA,NA,NA
6260,2021-12-05 18:00:00,4.1,3.1,"93","5.4",NA,"ENE",7.2,14.4,1006.9,1007.4,3.1,"0.0/12h",7,7,0.6,11,NA,NA,NA,0,NA
6260,2021-12-05 17:00:00,4.4,3.2,"92",NA,NA,"NE",7.2,10.8,1006.1,1006.6,3.7,"0.0/1h",8,8,1,18,NA,NA,NA,NA,NA
6260,2021-12-05 16:00:00,4.7,2.9,"88",NA,NA,"SE",7.2,14.4,1004.9,1005.3,3.2,"0.0/1h",8,8,0.6,24,NA,NA,NA,NA,NA
6260,2021-12-05 15:00:00,4.9,3,"88",NA,NA,"SE",7.2,14.4,1003.8,1004.3,2.9,"0.0/1h",8,6,0.6,26,NA,NA,NA,NA,NA
6260,2021-12-05 14:00:00,5.1,3.1,"87",NA,NA,"SE",7.2,14.4,1002.4,1002.9,2.1,"0.0/1h",8,8,0.6,22,NA,NA,NA,NA,NA
6260,2021-12-05 13:00:00,5.2,3.3,"88",NA,NA,"SSE",10.8,18,1001.6,1002.1,1.9,"0.0/1h",8,7,0.3,14,NA,NA,NA,NA,NA
6260,2021-12-05 12:00:00,5.2,3.4,"88",NA,NA,"S",10.8,18,1001,1001.4,2.1,"0.0/6h",8,8,0.3,16,NA,NA,0,NA,NA
6260,2021-12-05 11:00:00,5.1,3.4,"89",NA,NA,"S",10.8,18,1000.4,1000.8,2.2,"0.0/1h",8,8,0.2,17,NA,NA,NA,NA,NA
6260,2021-12-05 10:00:00,4.6,3.5,"93",NA,NA,"S",10.8,18,999.8,1000.2,2.2,"0.0/1h",8,8,0.2,8,NA,NA,NA,NA,NA
6260,2021-12-05 09:00:00,4.3,3.3,"93",NA,NA,"S",10.8,18,998.8,999.3,2,"0.0/1h",8,6,0.2,16,NA,NA,NA,NA,NA
6260,2021-12-05 08:00:00,4.2,3.1,"93",NA,NA,"S",10.8,18,998.1,998.6,1.9,"0.0/1h",8,8,0.3,16,NA,NA,NA,NA,NA
6260,2021-12-05 07:00:00,4.3,2.8,"90",NA,NA,"S",10.8,18,997.5,998,1.4,"0.0/1h",8,8,0.3,19,NA,NA,NA,NA,NA
6260,2021-12-05 06:00:00,4.2,2.8,"91",NA,"2.5","S",14.4,25.2,996.9,997.3,0.9,"4.0/24h0.9/12h",8,8,0.3,22,NA,NA,NA,0.9,4
6260,2021-12-05 05:00:00,3.9,2.5,"91",NA,NA,"S",14.4,21.6,996.3,996.7,0.1,"0.0/1h",8,8,0.3,18,NA,NA,NA,NA,NA
6260,2021-12-05 04:00:00,3.5,2.1,"91",NA,NA,"S",10.8,18,996.2,996.6,0.2,"0.0/1h",8,8,0.3,18,NA,NA,NA,NA,NA
6260,2021-12-05 03:00:00,3,1.4,"89",NA,NA,"S",14.4,25.2,996,996.4,0,"0.0/1h",7,6,1,17,NA,NA,NA,NA,NA
6260,2021-12-05 02:00:00,4.3,2.2,"86",NA,NA,"S",14.4,21.6,996.2,996.6,0.1,"0.0/1h",8,7,0.6,13,NA,NA,NA,NA,NA
6260,2021-12-05 01:00:00,4.4,2.2,"86",NA,NA,"S",18,25.2,996,996.4,0.1,"0.0/1h",8,6,1.5,15,NA,NA,NA,NA,NA
6260,2021-12-05,4.4,2.9,"90",NA,NA,"S",10.8,25.2,996,996.4,0.3,"0.9/6h",8,5,2,17,NA,NA,0.9,NA,NA
6260,2021-12-04 23:00:00,4.9,3.5,"91",NA,NA,"SSW",14.4,25.2,996,996.5,0.4,"0.3/1h",8,5,0.6,15,NA,NA,NA,NA,NA
6260,2021-12-04 22:00:00,4.8,3.6,"92",NA,NA,"SSW",14.4,21.6,995.9,996.3,0.4,"0.3/1h",8,6,1,18,NA,NA,NA,NA,NA
6260,2021-12-04 21:00:00,4.6,3.3,"91",NA,NA,"SSW",10.8,36,995.7,996.1,0.4,"0.2/1h",7,6,1,35,NA,NA,NA,NA,NA
6260,2021-12-04 20:00:00,5.1,3.1,"87",NA,NA,"SW",14.4,36,995.7,996.1,0.8,"0.0/1h",8,8,1.5,16,NA,NA,NA,NA,NA
6260,2021-12-04 19:00:00,5.3,2.7,"83",NA,NA,"WSW",14.4,25.2,995.5,995.9,1.3,"0.0/1h",7,5,1,45,NA,NA,NA,NA,NA
6260,2021-12-04 18:00:00,5.3,3.2,"86","5.7",NA,"W",10.8,21.6,995.2,995.7,1.8,"3.0/12h",7,5,1,28,NA,NA,NA,3,NA
6260,2021-12-04 17:00:00,5.4,4.8,"96",NA,NA,"SW",10.8,18,994.9,995.3,1.8,"0.0/1h",7,6,1,24,NA,NA,NA,NA,NA
6260,2021-12-04 16:00:00,5.6,4.9,"95",NA,NA,"W",7.2,14.4,994.1,994.6,1,"0.6/1h",8,5,0.6,7,NA,NA,NA,NA,NA
6260,2021-12-04 15:00:00,5.7,5,"95",NA,NA,"W",10.8,21.6,993.5,993.9,NA,"2.0/1h",8,5,0.6,6,NA,NA,NA,NA,NA
6260,2021-12-04 14:00:00,5.5,5.2,"98",NA,NA,"SSW",7.2,14.4,993.1,993.5,NA,"0.3/1h",8,8,0.2,4.7,NA,NA,NA,NA,NA
6260,2021-12-04 13:00:00,5.3,5.2,"99",NA,NA,"S",7.2,14.4,993.2,993.6,NA,"0.0/1h",8,8,0.1,2.2,NA,NA,NA,NA,NA
6260,2021-12-04 12:00:00,5.2,4.7,"97",NA,NA,"S",10.8,21.6,993.9,994.2,NA,"0.0/6h",8,8,0.1,3.2,NA,NA,0,NA,NA
6260,2021-12-04 11:00:00,5,4.7,"98",NA,NA,"SSE",10.8,21.6,994.4,994.7,NA,"0.0/1h",8,8,0.1,4.3,NA,NA,NA,NA,NA
6260,2021-12-04 10:00:00,4.7,4.6,"99",NA,NA,"S",10.8,18,995.3,995.6,NA,"0.0/1h",8,8,0.1,3.7,NA,NA,NA,NA,NA
6260,2021-12-04 09:00:00,4.6,4.5,"99",NA,NA,"SSE",10.8,18,995.6,996,NA,"0.0/1h",9,9,0,0.8,NA,NA,NA,NA,NA
6260,2021-12-04 08:00:00,4.6,4.6,"100",NA,NA,"S",7.2,10.8,996,996.4,NA,"0.0/1h",9,9,0,0.7,NA,NA,NA,NA,NA
6260,2021-12-04 07:00:00,4.6,4.6,"100",NA,NA,"S",7.2,14.4,996.1,996.5,NA,"0.0/1h",9,9,0,0.2,NA,NA,NA,NA,NA
6260,2021-12-04 06:00:00,4.6,4.6,"100",NA,"4.2","S",7.2,14.4,996.5,996.9,NA,"0.3/24h0.3/12h",9,9,0,0.4,NA,NA,NA,0.3,0.3
6260,2021-12-04 05:00:00,4.6,4.5,"99",NA,NA,"S",7.2,10.8,996.8,997.2,NA,"0.0/1h",9,9,0,0.2,NA,NA,NA,NA,NA
6260,2021-12-04 04:00:00,4.5,4.5,"100",NA,NA,"S",7.2,14.4,997.2,997.6,NA,"0.0/1h",9,9,0,0.3,NA,NA,NA,NA,NA
6260,2021-12-04 03:00:00,4.5,4.5,"100",NA,NA,"S",7.2,21.6,997.8,998.2,NA,"0.0/1h",8,8,0.1,0.5,NA,NA,NA,NA,NA
6260,2021-12-04 02:00:00,4.4,4.4,"100",NA,NA,"S",10.8,18,998,998.5,NA,"0.0/1h",8,8,0.1,1.2,NA,NA,NA,NA,NA
6260,2021-12-04 01:00:00,4.5,4.1,"97",NA,NA,"S",10.8,18,998.6,999.1,NA,"0.1/1h",8,8,0.1,5,NA,NA,NA,NA,NA
6260,2021-12-04,4.4,4,"97",NA,NA,"S",10.8,28.8,999.1,999.5,NA,"0.2/6h",8,8,0.1,8,NA,NA,0.2,NA,NA
6260,2021-12-03 23:00:00,4.3,3.9,"97",NA,NA,"S",10.8,21.6,999.8,1000.2,NA,"0.0/1h",8,8,0.1,3.5,NA,NA,NA,NA,NA
6260,2021-12-03 22:00:00,4.3,3.8,"97",NA,NA,"SSW",14.4,25.2,1000.6,1001,NA,"0.0/1h",8,8,0.1,6,NA,NA,NA,NA,NA
6260,2021-12-03 21:00:00,4.3,3.6,"95",NA,NA,"SSW",18,32.4,1000.7,1001,NA,"0.0/1h",8,8,0.1,3.8,NA,NA,NA,NA,NA
6260,2021-12-03 20:00:00,4.3,3.7,"96",NA,NA,"SSW",21.6,32.4,1001.1,1001.5,NA,"0.0/1h",8,8,0.1,3.6,NA,NA,NA,NA,NA
6260,2021-12-03 19:00:00,4.4,3.4,"93",NA,NA,"SSW",21.6,32.4,1001.5,1001.8,NA,"0.0/1h",8,8,0.1,5,NA,NA,NA,NA,NA
6260,2021-12-03 18:00:00,4.3,3.5,"95","4.7",NA,"SSW",21.6,43.2,1001.5,1002,NA,"0.0/12h",8,8,0.2,6,NA,NA,NA,0,NA
6260,2021-12-03 17:00:00,4.2,3.4,"95",NA,NA,"SSW",25.2,39.6,1002.2,1002.6,NA,"0.0/1h",8,8,0.1,4.5,NA,NA,NA,NA,NA
6260,2021-12-03 16:00:00,4.1,3.4,"95",NA,NA,"SSW",25.2,39.6,1002.6,1003,NA,"0.0/1h",8,8,0.1,6,NA,NA,NA,NA,NA
6260,2021-12-03 15:00:00,3.9,3,"94",NA,NA,"SSW",25.2,50.4,1003.3,1003.5,NA,"0.0/1h",8,8,0.2,3.7,NA,NA,NA,NA,NA
6260,2021-12-03 14:00:00,4,2.3,"89",NA,NA,"SSW",25.2,43.2,1003.4,1003.8,NA,"0.0/1h",8,8,0.3,14,NA,NA,NA,NA,NA
6260,2021-12-03 13:00:00,4.7,1.1,"77",NA,NA,"SSW",32.4,54,NA,1004.2,NA,"0.0/1h",8,8,0.6,40,NA,NA,NA,NA,NA
6260,2021-12-03 12:00:00,4.4,1.1,"79",NA,NA,"SSW",28.8,50.4,1004.8,1005,NA,"0.0/6h",8,8,1,30,NA,NA,0,NA,NA
6260,2021-12-03 11:00:00,3.7,1.4,"85",NA,NA,"SSW",28.8,50.4,1005.7,1005.9,NA,"0.0/1h",8,6,0.6,17,NA,NA,NA,NA,NA
6260,2021-12-03 10:00:00,3.9,0.2,"77",NA,NA,"SSW",25.2,43.2,1006.7,1007.1,NA,"0.0/1h",8,7,0.6,24,NA,NA,NA,NA,NA
6260,2021-12-03 09:00:00,3.2,0.4,"82",NA,NA,"SSW",21.6,36,1007.2,1007.6,NA,"0.0/1h",8,8,1.5,14,NA,NA,NA,NA,NA
6260,2021-12-03 08:00:00,3.2,0.7,"84",NA,NA,"SSW",18,36,1007.8,1008.2,NA,"0.0/1h",8,8,2,19,NA,NA,NA,NA,NA
6260,2021-12-03 07:00:00,3.3,1.8,"90",NA,NA,"SW",21.6,32.4,1008,1008.3,NA,"0.0/1h",8,8,2,15,NA,NA,NA,NA,NA
6260,2021-12-03 06:00:00,3,1.8,"92",NA,"-1.8","SSW",14.4,28.8,1008.2,1008.6,NA,"1.9/24h0.0/12h",8,8,2.5,14,NA,NA,NA,0,1.9
6260,2021-12-03 05:00:00,2.5,1.2,"91",NA,NA,"SW",14.4,25.2,1008.5,1008.9,NA,"0.0/1h",8,8,2.5,17,NA,NA,NA,NA,NA
6260,2021-12-03 04:00:00,2.2,1.1,"92",NA,NA,"SSW",14.4,25.2,1008.7,1009.1,NA,"0.0/1h",8,8,2.5,30,NA,NA,NA,NA,NA
6260,2021-12-03 03:00:00,1.9,0.8,"92",NA,NA,"SSW",14.4,21.6,1009.1,1009.5,NA,"0.0/1h",8,8,2.5,35,NA,NA,NA,NA,NA
6260,2021-12-03 02:00:00,1.4,0.6,"94",NA,NA,"SW",10.8,18,1009.5,1009.9,NA,"0.0/1h",8,8,2.5,25,NA,NA,NA,NA,NA
6260,2021-12-03 01:00:00,1.2,0.5,"95",NA,NA,"SW",10.8,14.4,1009.6,1010.1,0.2,"0.0/1h",8,8,2.5,19,NA,NA,NA,NA,NA
6260,2021-12-03,1.4,0.6,"94",NA,NA,"SW",10.8,18,1009.6,1009.9,NA,"0.0/6h",8,8,2.5,25,NA,NA,0,NA,NA
6260,2021-12-02 23:00:00,0.6,-0.2,"94",NA,NA,"SW",7.2,10.8,1009.8,1010.2,0.8,"0.0/1h",8,8,2.5,27,NA,NA,NA,NA,NA
6260,2021-12-02 22:00:00,0.8,0,"94",NA,NA,"SW",7.2,14.4,1009.5,1009.9,1.1,"0.0/1h",0,NA,NA,30,NA,NA,NA,NA,NA
6260,2021-12-02 21:00:00,0.7,0,"95",NA,NA,"WSW",7.2,14.4,1009.5,1010,1.8,"0.0/1h",4,4,2.5,40,NA,NA,NA,NA,NA
6260,2021-12-02 20:00:00,-1.3,-1.8,"96",NA,NA,"W",7.2,10.8,1009,1009.4,1.9,"0.0/1h",0,NA,NA,27,NA,NA,NA,NA,NA
6260,2021-12-02 19:00:00,-0.5,-0.8,"98",NA,NA,"NW",3.6,10.8,1008.4,1008.8,2.2,"0.0/1h",0,NA,NA,30,NA,NA,NA,NA,NA
6260,2021-12-02 18:00:00,1.1,-0.3,"90","5.2",NA,"WNW",7.2,28.8,1007.7,1008.2,2.3,"2.0/12h",0,NA,NA,45,NA,NA,NA,2,NA
6260,2021-12-02 17:00:00,1.3,-0.3,"89",NA,NA,"W",7.2,10.8,1007,1007.5,2.7,"0.0/1h",2,2,1.5,45,NA,NA,NA,NA,NA
6260,2021-12-02 16:00:00,3,-1,"75",NA,NA,"NW",7.2,18,1006.2,1006.6,2.6,"0.0/1h",6,6,2.5,45,NA,NA,NA,NA,NA
6260,2021-12-02 15:00:00,4.8,0,"71",NA,NA,"NNW",14.4,25.2,1005.4,1005.9,2.9,"0.0/1h",8,8,1.5,35,NA,NA,NA,NA,NA
6260,2021-12-02 14:00:00,5.1,2.1,"81",NA,NA,"WNW",7.2,18,1004.3,1004.8,2.2,"0.0/1h",8,8,1,40,NA,NA,NA,NA,NA
6260,2021-12-02 13:00:00,4.3,2,"85",NA,NA,"NW",10.8,18,1003.6,1004,2,"0.0/1h",NA,NA,NA,35,NA,NA,NA,NA,NA
6260,2021-12-02 12:00:00,2.8,1.8,"93",NA,NA,"W",10.8,28.8,1002.6,1003,1.6,"2.0/6h",6,6,2.5,29,NA,NA,2,NA,NA
6260,2021-12-02 11:00:00,2.3,1.4,"94",NA,NA,"W",10.8,28.8,1002.2,1002.6,1.8,"0.6/1h",8,8,1.5,30,NA,NA,NA,NA,NA
6260,2021-12-02 10:00:00,2.7,1.4,"91",NA,NA,"NW",10.8,21.6,1001.6,1002,2.2,"0.2/1h",8,5,0.6,35,NA,NA,NA,NA,NA
6260,2021-12-02 09:00:00,2.7,1.8,"94",NA,NA,"W",7.2,36,1001.1,1001.4,1.9,"0.0/1h",7,5,1,30,NA,NA,NA,NA,NA
6260,2021-12-02 08:00:00,2.2,1.1,"92",NA,NA,"NNW",10.8,21.6,1000.4,1000.8,1.5,"1.0/1h",8,7,0.3,9,NA,NA,NA,NA,NA
6260,2021-12-02 07:00:00,2.2,1.5,"95",NA,NA,"W",7.2,14.4,999.4,999.8,0.7,"0.0/1h",7,5,0.6,15,NA,NA,NA,NA,NA
6260,2021-12-02 06:00:00,2.8,1.4,"90",NA,"2.0","NNW",10.8,32.4,999.1,999.5,0.8,"7.9/24h3.0/12h",7,6,0.6,14,NA,NA,NA,3,7.9
6260,2021-12-02 05:00:00,2.4,1.5,"94",NA,NA,"W",7.2,10.8,998.9,999.3,0.6,"2.0/1h",7,5,0.6,12,NA,NA,NA,NA,NA
6260,2021-12-02 04:00:00,3.3,2,"91",NA,NA,"WNW",10.8,25.2,998.5,999.1,0.4,"0.6/1h",7,5,0.6,16,NA,NA,NA,NA,NA
6260,2021-12-02 03:00:00,3.5,2,"90",NA,NA,"W",7.2,28.8,998.3,998.7,0.2,"0.2/1h",6,6,2.5,40,NA,NA,NA,NA,NA
6260,2021-12-02 02:00:00,3.9,2.2,"89",NA,NA,"WNW",10.8,28.8,998.3,998.7,0.8,"0.4/1h",8,7,0.6,35,NA,NA,NA,NA,NA
6260,2021-12-02 01:00:00,4.1,2.2,"87",NA,NA,"WNW",14.4,36,998.1,998.7,1.3,"0.4/1h",5,5,1,7,NA,NA,NA,NA,NA
6260,2021-12-02,4.8,2.6,"86",NA,NA,"W",10.8,25.2,997.9,998.5,1.6,"0.1/6h",6,5,0.6,20,NA,NA,0.1,NA,NA
6260,2021-12-01 23:00:00,5.4,1.5,"76",NA,NA,"W",10.8,18,997.5,997.9,1.7,"0.0/1h",8,7,1.5,35,NA,NA,NA,NA,NA
6260,2021-12-01 22:00:00,5.3,0.5,"71",NA,NA,"WNW",7.2,14.4,996.9,997.4,2,"0.0/1h",5,5,2.5,27,NA,NA,NA,NA,NA
6260,2021-12-01 21:00:00,5.7,0.6,"70",NA,NA,"WNW",10.8,18,996.5,996.9,2.5,"0.0/1h",5,5,2.5,27,NA,NA,NA,NA,NA
6260,2021-12-01 20:00:00,5.8,1.3,"73",NA,NA,"NW",10.8,18,995.7,996.2,2.9,"0.0/1h",5,5,2.5,30,NA,NA,NA,NA,NA
6260,2021-12-01 19:00:00,6.2,1.4,"71",NA,NA,"WNW",10.8,21.6,994.9,995.4,3.2,"0.0/1h",3,3,2.5,45,NA,NA,NA,NA,NA
6260,2021-12-01 18:00:00,6.6,2.8,"77","9.5",NA,"WNW",10.8,39.6,993.9,994.4,3.3,"4.0/12h",8,8,1.5,30,NA,NA,NA,4,NA
6260,2021-12-01 17:00:00,7,3.6,"79",NA,NA,"WNW",14.4,36,992.8,993.3,3,"0.1/1h",5,5,1,13,NA,NA,NA,NA,NA
6260,2021-12-01 16:00:00,7.4,3.8,"78",NA,NA,"WNW",18,39.6,991.7,992.2,2.4,"0.0/1h",7,5,1,35,NA,NA,NA,NA,NA
6260,2021-12-01 15:00:00,7.8,5.7,"87",NA,NA,"W",14.4,46.8,990.6,991.1,1.3,"0.3/1h",8,5,1,24,NA,NA,NA,NA,NA
6260,2021-12-01 14:00:00,8.3,6.5,"88",NA,NA,"W",25.2,46.8,989.8,990.3,0.3,"0.6/1h",8,5,0.6,7,NA,NA,NA,NA,NA
6260,2021-12-01 13:00:00,9,5.5,"79",NA,NA,"W",28.8,50.4,989.4,989.8,NA,"0.0/1h",8,6,0.6,17,NA,NA,NA,NA,NA
6260,2021-12-01 12:00:00,9.2,5.7,"79",NA,NA,"W",25.2,46.8,989.4,989.8,0.2,"4.0/6h",8,6,0.6,27,NA,NA,4,NA,NA
6260,2021-12-01 11:00:00,8.9,6.5,"85",NA,NA,"W",25.2,43.2,989.6,990,0.9,"0.2/1h",8,6,0.6,13,NA,NA,NA,NA,NA
6260,2021-12-01 10:00:00,8.5,6.8,"89",NA,NA,"W",21.6,46.8,989.7,990.2,0.3,"0.1/1h",8,6,0.3,9,NA,NA,NA,NA,NA
6260,2021-12-01 09:00:00,9.1,6.6,"84",NA,NA,"W",21.6,54,989.2,989.6,NA,"2.0/1h",8,5,0.6,25,NA,NA,NA,NA,NA
6260,2021-12-01 08:00:00,9.5,8.4,"93",NA,NA,"SW",28.8,50.4,988.7,989.1,NA,"0.2/1h",8,7,0.3,10,NA,NA,NA,NA,NA
6260,2021-12-01 07:00:00,9.1,8.3,"95",NA,NA,"SW",32.4,57.6,989.5,989.9,NA,"0.9/1h",8,8,0.3,5,NA,NA,NA,NA,NA
6260,2021-12-01 06:00:00,8.9,8.1,"95",NA,"8.8","SSW",28.8,68.4,990.4,990.8,NA,"15.4/24h4.0/12h",8,7,0.2,3.7,NA,NA,NA,4,15.4
6260,2021-12-01 05:00:00,8.9,8.1,"95",NA,NA,"SSW",36,61.2,991.5,991.8,NA,"0.2/1h",8,8,0.3,3.6,NA,NA,NA,NA,NA
6260,2021-12-01 04:00:00,9.6,8.3,"92",NA,NA,"SSW",32.4,57.6,992.9,993.2,NA,"0.2/1h",8,8,0.3,12,NA,NA,NA,NA,NA
6260,2021-12-01 03:00:00,9.9,8.9,"93",NA,NA,"SW",32.4,61.2,994.6,995,NA,"0.3/1h",8,8,0.3,12,NA,NA,NA,NA,NA
6260,2021-12-01 02:00:00,10.2,9.4,"95",NA,NA,"SW",28.8,54,996.3,996.6,NA,"0.5/1h",8,7,0.3,4,NA,NA,NA,NA,NA
6260,2021-12-01 01:00:00,10.6,9.6,"94",NA,NA,"SW",25.2,46.8,997.5,997.8,NA,"0.2/1h",8,7,0.2,18,NA,NA,NA,NA,NA
6260,2021-12-01,9.9,9.5,"97",NA,NA,"SSW",21.6,39.6,999.4,999.6,NA,"2.0/6h",8,8,0.2,3.5,NA,NA,2,NA,NA
